file,tempo_bpm,zcr_mean,rms_mean,centroid_mean,rolloff_mean,mfcc1_mean,mfcc2_mean,mfcc3_mean,mfcc4_mean,mfcc5_mean,mfcc6_mean,mfcc7_mean,mfcc8_mean,mfcc9_mean,mfcc10_mean,mfcc11_mean,mfcc12_mean,mfcc13_mean,chroma1_mean,chroma2_mean,chroma3_mean,chroma4_mean,chroma5_mean,chroma6_mean,chroma7_mean,chroma8_mean,chroma9_mean,chroma10_mean,chroma11_mean,chroma12_mean
anxious-rise_C_minor.wav,123.046875,0.061110976319875776,0.06291691,1657.4051454263017,3670.608653192935,-246.99059,111.884705,-16.80213,23.211285,-4.8646693,6.9669604,-1.4354024,6.1142993,-2.357941,-0.7699004,-3.2468293,2.8315532,-0.27969953,0.82828707,0.60771704,0.4645486,0.7318033,0.45254615,0.2085682,0.24695033,0.6218453,0.4390454,0.2540462,0.27934378,0.40055335
DHH3_143_Ebm_DemoFX_02-143BPM-D♯ minor-BANDLAB.wav,143.5546875,0.048522843803972364,0.20428856,2128.618293767661,4676.647253481217,-140.78981,109.27128,41.932716,18.018198,15.903855,29.565695,2.4560585,14.624273,0.028107872,8.828608,-2.3566828,-0.07748845,-2.7511096,0.3701469,0.30724296,0.3506262,0.53973633,0.48007587,0.48928675,0.3791624,0.45051482,0.6718415,0.51765144,0.71232045,0.5640402
DHH3_155_Em_Bass-155BPM-E minor-BANDLAB.wav,151.99908088235293,0.004500599836142322,0.48448622,193.35739315190628,359.693205758427,-275.07834,212.49573,87.21472,22.909096,21.753248,24.65509,15.450897,8.200052,5.227024,3.444144,3.2390146,3.1963935,2.2047558,0.8464751,0.5589517,0.48775107,0.6090291,0.8240494,0.88526833,0.71040606,0.62788874,0.7178843,0.69087565,0.62553436,0.74588525
DHH3_155_Em_Demo_01-155BPM-E minor-BANDLAB.wav,103.359375,0.048269436154026214,0.20410934,2240.107738634265,4983.303387245435,-135.7301,108.92511,42.02241,14.994213,20.468132,24.856709,1.6073406,12.967879,-1.334642,7.326768,-5.9162364,1.628474,-1.596649,0.5310996,0.33412325,0.30969942,0.4037672,0.5972597,0.5022455,0.4546058,0.351077,0.45364767,0.6837329,0.519372,0.68078345
DHH3_155_Em_KeyPad-155BPM-E minor-BANDLAB.wav,117.45383522727273,0.030041183871722846,0.10111059,386.4803032779385,521.4341752984551,-380.65988,190.57503,70.51229,-7.678103,-17.661638,-6.170039,-8.905517,-19.369331,-23.398092,-21.261097,-18.471577,-18.831442,-23.47007,0.25181574,0.05170892,0.018228399,0.17836933,0.53893733,0.18827476,0.025538376,0.012178951,0.16920675,0.5760223,0.30569378,0.46524805
DHH3_155_Em_SynthMelody-155BPM-E minor-BANDLAB.wav,135.99917763157896,0.061018697331460675,0.07837123,991.4063242417812,1758.5852462254213,-273.29745,187.90964,-68.2186,19.353281,1.0452696,3.9651122,-13.572151,-13.411624,-16.812092,-21.06185,-25.254993,-24.401503,-19.017723,0.3589633,0.08216823,0.03061852,0.17149162,0.371456,0.24398269,0.22747578,0.07298705,0.14877029,0.4333796,0.35651743,0.7351929
DHH3_155_FullDrum-155BPM-BANDLAB.wav,103.359375,0.3242882432116105,0.059381586,5059.233042417769,7650.376086288624,-370.95773,-31.815454,28.839422,11.583625,-0.62269014,12.785619,-4.459381,9.662073,-3.502985,6.7510304,-5.5105743,2.6885707,-1.3584511,0.5963859,0.48875907,0.475562,0.4561756,0.45568708,0.5008595,0.48716542,0.519297,0.7147651,0.80392975,0.7040788,0.61688715
DHH3_155_Hi-hats-155BPM-BANDLAB.wav,103.359375,0.404964375585206,0.049185224,6804.8880183277415,8974.506781074439,-435.00876,-112.05069,19.873404,14.840063,1.5962905,8.072032,-10.953862,9.879326,-4.895254,8.42615,-9.062402,2.189583,-5.44741,0.47265962,0.3344874,0.28028488,0.28966656,0.24698533,0.3059006,0.3319814,0.46367097,0.9202453,0.83531815,0.6365406,0.6302335
DHH3_155_Kick-155BPM-BANDLAB.wav,51.6796875,0.011203037219101123,0.04833377,187.61815333894933,355.01558110955057,-499.99094,35.44376,15.817255,7.910477,6.8232427,5.100607,3.962625,3.3577785,2.5851955,2.2319994,1.8772848,1.5236803,1.3579817,0.22232546,0.21034315,0.20578423,0.20373525,0.19009176,0.186999,0.17531079,0.1775363,0.19587773,0.21180604,0.2129053,0.22154844
DHH3_155_Perc-155BPM-BANDLAB.wav,151.99908088235293,0.14990783005617977,0.013624343,2349.6134483071432,3445.4737974016853,-627.66034,-26.81696,5.5521345,1.7900555,-3.2811635,3.6654081,-3.8658845,0.98323727,-1.9623665,-0.19594,-0.22209816,0.033203825,-0.5351569,0.17914103,0.20716459,0.21959054,0.21407473,0.27764568,0.35407805,0.24674577,0.26880932,0.2346319,0.2155056,0.21115519,0.17509274
DHH3_155_Top-155BPM-BANDLAB.wav,103.359375,0.4008075842696629,0.034986813,6205.390028640935,8626.991529143259,-407.13196,-83.98714,9.497344,8.868153,-3.2521763,8.551686,-10.265374,7.470247,-5.828755,5.203819,-8.711035,0.56904864,-4.611597,0.5527798,0.41606018,0.39280942,0.37727565,0.3860772,0.4422078,0.43742335,0.47739756,0.7344624,0.83855194,0.6931239,0.5835745
DHH3_Clone_150_Fm_Bass-150BPM-F minor-BANDLAB.wav,99.38401442307692,0.010363592617753624,0.18972342,183.0748734159782,297.68092943274456,-413.77286,116.29577,75.645424,43.327377,29.83182,25.870155,21.950733,16.790478,12.390409,9.550059,7.687493,6.0681486,4.6368694,0.4517891,0.4264583,0.4511442,0.55711645,0.7106632,0.81690335,0.778982,0.70743114,0.6535959,0.61574733,0.53066784,0.44468638
DHH3_Clone_150_Fm_Melody-150BPM-F minor-BANDLAB.wav,151.99908088235293,0.0509811622509058,0.10598198,768.4824819152612,1164.8994777513587,-316.03925,177.63263,0.103733175,3.989995,3.6719413,-12.037066,-16.693296,-11.974969,-13.79628,-17.151537,-8.085405,7.1564193,14.000009,0.8600483,0.6872578,0.17114912,0.010146915,0.046403084,0.25014043,0.12036755,0.016506478,0.0062644244,0.009447162,0.05387103,0.1537511
DHH3_Clone_150_Fm_Sample-150BPM-F minor-BANDLAB.wav,151.99908088235293,0.0672943557518116,0.13751611,2294.510347584814,4666.190503991168,-229.07942,77.8874,56.90617,33.330807,0.11759689,21.685097,-1.8833171,9.978044,0.40684256,-1.2683207,1.1268743,16.8893,17.576195,0.87248826,0.5938645,0.3397112,0.36205697,0.43459514,0.5348826,0.41014856,0.38558584,0.3653289,0.3343005,0.3118659,0.4497919
DHH3_Clone_150_Fm_Synth-150BPM-F minor-BANDLAB.wav,151.99908088235293,0.06781801970108696,0.08867594,954.2218770785548,1555.9299634850543,-328.74005,165.94357,-15.06089,3.396387,-1.0478534,-1.4155523,-8.997588,2.3452861,-11.99718,-20.877712,-7.925827,5.1359377,12.35203,0.914905,0.45008004,0.056871396,0.009597461,0.047743253,0.26311272,0.088346355,0.025789825,0.02146044,0.018593408,0.060260408,0.18130364
DHH3_Clone_150_Fm_SynthBells-150BPM-F minor-BANDLAB.wav,151.99908088235293,0.04469719485960145,0.07949028,592.3861130613229,622.3173721976902,-432.55548,159.02959,25.085926,1.866287,-19.045837,-24.136261,-30.687971,-41.846138,-28.579245,-21.301558,-18.52131,-6.207968,1.0866957,0.78025603,0.7500302,0.21450347,0.010019905,0.048371233,0.24954243,0.12462136,0.0093701985,0.0013073545,0.009414512,0.0697068,0.12651865
DHH3_Clone_150_Fm_SynthVox-150BPM-F minor-BANDLAB.wav,86.1328125,0.05931555706521739,0.05438669,1141.510349706574,2476.0062839673915,-422.1361,88.57154,-2.3917232,4.1595144,14.421649,-7.3223505,-8.795073,-1.5173198,-7.514505,-10.896668,-8.271297,-9.093814,-11.829643,0.68074024,0.41525817,0.08503295,0.027232975,0.07656915,0.24449407,0.16089681,0.07017811,0.03995137,0.021224512,0.05892081,0.24488549
DHH3_Clone_150_FullDrum-150BPM-BANDLAB.wav,151.99908088235293,0.3405655570652174,0.05406362,4741.336562559328,7194.274371603261,-366.9438,-44.001316,17.802448,26.368326,-10.5831585,15.231555,-3.1362424,8.738324,1.7306135,3.9900088,0.221626,3.349942,0.87751746,0.52667654,0.5476116,0.5622798,0.6253611,0.5582668,0.661217,0.60585463,0.64362305,0.5108503,0.4712304,0.43531415,0.453394
DHH3_Clone_150_Hi-hats-150BPM-BANDLAB.wav,99.38401442307692,0.4783227892889493,0.03578231,6348.723175531187,8635.867707625679,-501.9571,-120.205605,19.095837,21.445366,-13.228291,12.635926,-11.239938,4.6186523,-2.9359055,3.0408764,-2.4179885,1.6168187,-0.7522069,0.32944804,0.39264154,0.42068973,0.36533213,0.2851596,0.5359503,0.6106879,0.7910579,0.51363105,0.46887645,0.40906957,0.27882928
DHH3_Clone_150_Kick-150BPM-BANDLAB.wav,75.99954044117646,0.01828400985054348,0.04211114,290.57531219361624,532.94677734375,-504.09488,32.72278,14.20239,10.581054,6.9496646,3.995395,3.0260665,2.9493558,3.2059665,2.224864,1.6640362,2.0717752,1.8696568,0.25509018,0.24876022,0.2463798,0.25312564,0.2678431,0.25216442,0.22259514,0.20611028,0.20969474,0.20941249,0.21856925,0.24392258
DHH3_Clone_150_PercCymbal-150BPM-BANDLAB.wav,49.69200721153846,0.21693309839221014,0.016110504,2794.7700086398104,4124.778681216033,-542.3193,-22.982265,-15.857846,29.63092,-11.925916,7.279305,-2.7523844,3.5236878,1.3975695,-1.3221259,2.9829116,0.08290129,-0.8639188,0.31078747,0.28799212,0.31212243,0.56933045,0.4572157,0.43366402,0.3341367,0.24383636,0.2301364,0.26929078,0.23202996,0.22854224
DHH3_Clone_150_Snare-150BPM-BANDLAB.wav,37.44904891304348,0.023671025815217392,0.014198815,547.2789860103366,1059.8080842391305,-623.42175,1.9781166,-6.701439,-3.3398867,-2.401873,-0.43750998,-0.73383915,1.4534945,-0.12679885,0.37384558,-0.52521074,0.40984777,-0.031084832,0.12299258,0.12150984,0.111530825,0.10696218,0.08416195,0.077774055,0.08011315,0.111967035,0.10305179,0.085053734,0.10766634,0.12534977
DHH3_Clone_150_Top-150BPM-BANDLAB.wav,99.38401442307692,0.41700634057971014,0.028618727,5522.921813387567,7902.490499745245,-435.49207,-88.93991,-2.0535655,23.34352,-16.742434,10.927307,-7.5217657,6.2215385,-1.255845,1.6515765,-1.6097858,1.4896967,-1.0236332,0.44829372,0.50155807,0.50830877,0.55571026,0.46659425,0.6184713,0.5839482,0.6413908,0.47463292,0.4400881,0.37540522,0.36627024
DHH3_Deep_140_Fm_Bass-140BPM-F minor-BANDLAB.wav,46.98153409090909,0.004486908783783784,0.33362228,122.94303214607926,185.46926137563344,-370.6358,143.89478,85.94441,49.98194,35.278008,26.484112,20.163897,15.262514,11.348577,8.888398,7.378377,6.471051,5.7895055,0.57746667,0.53942144,0.5332021,0.6131861,0.7569712,0.8435677,0.8135545,0.753855,0.68776447,0.6440197,0.5719961,0.5144031
DHH3_Deep_140_Fm_Melody-140BPM-F minor-BANDLAB.wav,135.99917763157896,0.0486499683277027,0.15203165,774.7401158277274,1560.8298636771538,-237.8661,213.89243,-28.627165,16.907257,25.3503,-3.7864137,3.491705,-15.812516,-5.923241,4.3443847,-28.608196,-14.127118,22.618784,0.5774858,0.45142546,0.09430877,0.08230641,0.36024943,0.70090914,0.25335887,0.21601649,0.05588556,0.1350803,0.38682836,0.16772506
DHH3_Deep_140_Fm_Pad-140BPM-F minor-BANDLAB.wav,143.5546875,0.08275707347972973,0.10510937,933.871933862177,1539.6240234375,-378.1477,177.62149,-23.828434,-54.472195,-11.398216,-17.03926,-36.39192,-20.310873,0.7082141,-6.7805514,-23.597113,-17.958961,9.194903,0.8739542,0.5090691,0.036612093,0.0061895717,0.025827223,0.062003613,0.07523855,0.40085205,0.056405198,0.10726247,0.33584455,0.1730278
DHH3_Deep_140_Fm_Sample-140BPM-F minor-BANDLAB.wav,143.5546875,0.04844706767314189,0.21213439,2107.906760139216,4782.007908176732,-164.57448,93.967575,44.33993,31.78719,16.473785,30.629547,1.0002493,6.2048135,4.312691,8.2541685,-12.155972,2.1744175,14.618686,0.60772127,0.54266304,0.42365107,0.47556695,0.58209705,0.7921537,0.5986536,0.53448564,0.49322927,0.4809691,0.55029523,0.4619987
DHH3_Deep_140_Fm_Synth-140BPM-F minor-BANDLAB.wav,69.83741554054055,0.03566597603462838,0.15839866,671.8364433560411,753.0073836043074,-422.3135,80.29441,28.799547,-1.529885,-10.876083,-17.692854,-24.160265,-26.792887,-27.454601,-27.576885,-25.242031,-17.489655,-4.707671,0.12623116,0.10666911,0.01490968,0.005474396,0.17705017,0.81667453,0.26287162,0.008129777,0.0011549598,0.01653402,0.100366704,0.04291317
DHH3_Deep_140_Fm_SynthKeys-140BPM-F minor-BANDLAB.wav,135.99917763157896,0.039554080447635136,0.12191497,785.8166723921971,1722.7289973078548,-262.43387,219.58636,-41.918682,34.10297,24.966074,-2.9847856,19.344965,-6.029251,-0.55445844,5.1314135,-26.808893,-7.3179493,25.08886,0.5410176,0.636464,0.2441738,0.18172991,0.3723094,0.67868507,0.44436687,0.21765408,0.11120312,0.105277896,0.38522166,0.23917492
DHH3_Deep_140_FullDrum-140BPM-BANDLAB.wav,143.5546875,0.30028966955236486,0.06555696,4328.628148470775,6834.500451990076,-325.55426,-31.616392,12.029148,21.3192,-7.9892316,11.047254,-2.8060572,6.496626,-4.14956,3.9533584,-2.949923,2.9820676,-1.3177171,0.44276783,0.4249098,0.49349043,0.51701283,0.45740917,0.44752628,0.4567168,0.51013887,0.6485473,0.6475385,0.5832845,0.4979535
DHH3_Deep_140_Hi-hats-140BPM-BANDLAB.wav,143.5546875,0.37570272909628377,0.037179552,5530.262600684317,7374.867454735008,-434.11655,-84.365074,-9.069919,30.934431,-13.01415,8.462124,-5.235974,8.754069,-11.621227,8.366605,-8.883158,3.8288376,-3.0407953,0.37559232,0.26603118,0.3104463,0.23160101,0.20661382,0.2105577,0.3353675,0.42617536,0.67909586,0.8119,0.69418657,0.5161764
DHH3_Deep_140_Kick-140BPM-BANDLAB.wav,92.28515625,0.020349451013513514,0.06395882,272.346107612556,537.4934840846706,-451.75812,31.10504,13.397889,8.43763,6.3794484,4.9581127,4.6139674,3.5290534,2.4980888,2.0821943,2.1363137,1.9783432,1.3717152,0.2130759,0.19387993,0.18457866,0.18887487,0.20080656,0.2138297,0.21850431,0.23783384,0.26729617,0.27031463,0.24812494,0.2295789
DHH3_Deep_140_PercCymbal-140BPM-BANDLAB.wav,56.17357336956522,0.16642637510557431,0.01951844,2487.554080214883,3559.3075314083617,-571.88556,-42.67101,-1.0746102,13.836485,-9.737009,8.039127,-4.2300134,1.7469763,0.5559545,-0.38320947,0.52845776,0.37259045,-0.83961135,0.1323355,0.17037696,0.16164307,0.38823673,0.35795897,0.33848998,0.22178781,0.14924446,0.12616417,0.110662974,0.12453664,0.12728429
DHH3_Deep_140_Snare-140BPM-BANDLAB.wav,34.918707770270274,0.036101470122466214,0.022015398,686.3696469598851,1278.1701990076012,-554.06964,7.288632,-9.995132,-2.5444071,-1.3984442,-0.25293303,-3.2471511,0.5003456,-1.4315627,-0.58235675,-0.7649981,0.2959139,-1.1921844,0.14468053,0.16930597,0.15774529,0.15089037,0.13049556,0.13609052,0.12891607,0.13778684,0.1360467,0.11924424,0.10726613,0.121008806
DHH3_Deep_140_Top-140BPM-BANDLAB.wav,143.5546875,0.3766265044341216,0.045114163,5102.888045196689,7274.839906434755,-348.99472,-69.22537,-9.340683,17.538221,-13.7107315,7.31736,-8.439172,4.225988,-7.7392793,2.261035,-6.1338954,1.1494019,-2.9735787,0.4327409,0.37003767,0.39768997,0.5159167,0.39618352,0.4005807,0.3883126,0.3974641,0.5211279,0.6539039,0.58583736,0.47176975
DHH3_Emblem_145_D#m_Bass-145BPM-D♯ minor-BANDLAB.wav,95.703125,0.0034623579545454545,0.32715493,194.70959763509146,164.92476029829547,-331.68265,137.4793,52.323544,32.9797,29.698515,22.60043,20.054958,18.566961,17.646687,15.478907,12.317871,9.788163,7.731481,0.70986503,0.7098571,0.7073769,0.7466138,0.8011223,0.81795216,0.7152359,0.6129678,0.54161,0.54314077,0.6155281,0.6775583
DHH3_Emblem_145_D#m_Keys-145BPM-D♯ minor-BANDLAB.wav,143.5546875,0.035146006337412584,0.16442618,518.0432251338593,801.2083253660402,-342.38812,225.75839,31.620125,-39.117367,-16.696142,-8.613975,-17.371748,-14.036087,-10.784793,-15.377346,-18.585794,-18.712614,-17.16333,0.046312544,0.0112352455,0.14785905,0.46222344,0.16757596,0.25295794,0.25916624,0.08811819,0.12403579,0.1587834,0.4786256,0.32270417
DHH3_Emblem_145_D#m_LeadSynth-145BPM-D♯ minor-BANDLAB.wav,143.5546875,0.19095552884615385,0.14692654,3156.367529573263,6397.130664745411,-62.917976,56.549625,10.243357,50.70291,-20.989847,36.455357,-16.60722,23.921648,-4.1170397,13.392877,-13.02071,16.507977,-11.002082,0.20390801,0.15671524,0.20146577,0.19244467,0.22488478,0.52265203,0.20331043,0.11748228,0.123190336,0.24124786,0.52799445,0.20248745
DHH3_Emblem_145_D#m_Melody-145BPM-D♯ minor-BANDLAB.wav,129.19921875,0.06112222738199301,0.16233452,1815.037646688453,4718.293730195585,-132.39722,103.43105,24.271101,36.285423,-33.588055,17.793747,-23.690184,11.349713,-9.25392,3.6701434,-16.47346,4.2223206,-13.715078,0.06403829,0.018189553,0.13166106,0.5557584,0.24117239,0.25634372,0.2940474,0.0989488,0.14039607,0.15169811,0.4462691,0.34474435
DHH3_Emblem_145_D#m_Sample-145BPM-D♯ minor-BANDLAB.wav,95.703125,0.05169976507867133,0.21509488,2278.627815761117,5027.814702387456,-158.17142,75.821526,49.021317,36.69917,-9.442946,25.774517,-5.139073,17.769358,3.3621664,7.525597,-1.2840744,7.2776203,1.467126,0.45834127,0.45088196,0.51292694,0.7499996,0.57902247,0.6163509,0.55522573,0.43476933,0.44008404,0.45085913,0.66311747,0.59721553
DHH3_Emblem_145_D#m_Synth-145BPM-D♯ minor-BANDLAB.wav,143.5546875,0.05821131993006993,0.065941654,992.3057956721124,1744.49061680507,-393.22702,119.90122,-13.826153,-9.009075,-9.936053,-29.95417,-19.636654,-17.23208,-10.812944,3.5548484,1.1731791,1.8547636,7.265249,0.0038442444,0.010546023,0.22881883,0.9698501,0.23846662,0.028478805,0.013672585,0.023467885,0.06881116,0.030501155,0.038012445,0.008949199
DHH3_Emblem_145_FullDrum-145BPM-BANDLAB.wav,95.703125,0.324724104020979,0.059156816,5035.765730064781,7560.111860795455,-339.6702,-33.99293,16.801285,16.093586,-9.970681,17.656225,-7.1141477,10.556688,-3.1227324,3.2737935,-0.9353534,2.8666332,1.1347907,0.46732235,0.47605795,0.48343366,0.48459208,0.44149387,0.54283607,0.5704221,0.6586806,0.60302526,0.59421057,0.5299565,0.5192091
DHH3_Emblem_145_Hi-hats-145BPM-BANDLAB.wav,143.5546875,0.39327298677884615,0.048728656,6341.902007008561,8366.515259642701,-432.5421,-100.52451,24.982433,28.05522,-9.926176,21.735334,-9.401963,14.830196,-0.6311058,6.7710285,2.0932338,3.7462482,0.928616,0.28763977,0.266272,0.30578676,0.34077576,0.30854142,0.48477936,0.54983944,0.66818774,0.54139525,0.5363946,0.37090674,0.34255973
DHH3_Emblem_145_Kick-145BPM-BANDLAB.wav,95.703125,0.015111109593531468,0.05451846,227.1708788894495,419.1445517373252,-460.4599,23.762854,7.706473,6.292291,5.8659453,3.6632593,2.623964,2.082942,1.8107108,1.3332471,1.2860545,0.9235998,0.80413145,0.15838093,0.14998455,0.14806081,0.14567237,0.1486627,0.14951926,0.13662538,0.14701127,0.16914454,0.1755036,0.16665031,0.16055714
DHH3_Emblem_145_PercCymbal-145BPM-BANDLAB.wav,143.5546875,0.14598072825611888,0.024508443,2305.2200905840136,3607.1126871175697,-565.4552,-11.857963,-1.033016,0.49885336,-4.9554725,3.0438867,-2.7079346,2.332683,-1.8646202,1.0338408,-1.6869557,1.3970926,0.0051874346,0.2943476,0.29623452,0.2507801,0.25417867,0.21588205,0.23696497,0.2586614,0.26001188,0.3172456,0.30241212,0.31466058,0.2928866
DHH3_Emblem_145_Snare-145BPM-BANDLAB.wav,36.39414612676056,0.03066269667832168,0.016789196,537.189995028729,999.4869632320804,-604.56287,3.44916,-4.4094234,-0.09600187,-1.4664986,0.8430219,0.0074795377,0.5792855,-0.74210364,-0.32705662,-0.89424574,0.1221153,-0.32270077,0.10324697,0.10537186,0.098189205,0.09611897,0.08807159,0.077168785,0.06896592,0.07822745,0.07393145,0.076797016,0.08927261,0.105456755
DHH3_Emblem_145_Top-145BPM-BANDLAB.wav,143.5546875,0.3796779392482518,0.04110788,5653.498513749253,8019.574700202142,-382.8002,-63.311844,9.84822,16.277172,-13.343179,16.316385,-8.877842,11.010383,-3.668142,3.5563734,-1.3970042,2.863854,0.35084084,0.42304516,0.4338789,0.44485965,0.44615322,0.39601457,0.50795645,0.5458874,0.65703106,0.5688016,0.57049984,0.48677915,0.4900518
DHH3_FX_01-BANDLAB.wav,151.99908088235293,0.16219075520833334,0.013000007,2013.564234184596,2957.8507133152175,-462.8093,63.94416,-145.68343,-29.193087,-31.45308,-28.501122,-16.814518,-3.3193982,-5.505798,-5.105276,0.0813707,6.9149733,12.4334,0.8598896,0.51051253,0.698513,0.19644092,0.32508653,0.36869678,0.319765,0.15334101,0.10182288,0.07279633,0.2139092,0.81446755
DHH3_FX_02-BANDLAB.wav,135.99917763157896,0.19737177309782608,0.023099428,2302.4756061967128,3599.7898267663045,-427.19946,43.22233,-81.09046,46.279446,-30.880962,3.609932,-14.215043,11.035696,1.3367962,-3.2641933,3.0044484,7.560733,10.0447445,0.6894934,0.69387764,0.47582266,0.37816343,0.33364093,0.2533061,0.37634116,0.5110648,0.28640983,0.17308636,0.20149128,0.40296906
DHH3_FX_03-BANDLAB.wav,143.5546875,0.10975359488224638,0.046294652,1641.7347065685103,2655.5276621942935,-261.60077,107.8125,-79.64883,0.47915295,-24.471163,-8.713437,-8.231282,23.12555,4.1680794,6.5436773,1.9242151,13.5008955,12.835657,0.52977955,0.42350098,0.6253425,0.31554165,0.2619766,0.25414982,0.2236574,0.36265382,0.30403838,0.10096988,0.39880264,0.82426
DHH3_Joys_147_Cm_DemoFX_02-147BPM-C minor-BANDLAB.wav,99.38401442307692,0.05044647813055062,0.1949644,1845.6526967763457,4021.7750888099467,-149.5102,112.56645,13.854628,17.23529,4.666761,14.719544,-0.19225392,4.4457507,-1.8237962,6.186468,6.009647,10.698785,9.421365,0.74588233,0.35101756,0.3871282,0.44562456,0.32044908,0.35804996,0.3175171,0.52151734,0.38521564,0.22746277,0.21600121,0.3320003
DHH3_Joys_155_C#m_Bass-155BPM-C♯ minor-BANDLAB.wav,129.19921875,0.006675005852059925,0.23955177,153.17141654662197,188.7986086727528,-371.748,148.39973,40.681026,16.512735,30.089102,23.132435,15.07373,15.788234,13.740013,11.275149,10.503629,9.20956,8.104942,0.6640776,0.68223095,0.70102394,0.7662291,0.8551512,0.88054216,0.76232624,0.6252772,0.5272848,0.52651155,0.56169957,0.620791
DHH3_Joys_155_C#m_Demo_01-155BPM-C♯ minor-BANDLAB.wav,103.359375,0.05224426498127341,0.1955921,1890.4389971341436,4126.189156864466,-145.24026,111.73876,13.981418,16.707104,4.947111,13.804702,-2.176128,4.447493,-1.6522589,8.776943,6.8466506,12.04704,8.10653,0.3167259,0.7318101,0.35928142,0.40532508,0.47334906,0.3389662,0.3599143,0.30922702,0.51457804,0.39057273,0.23410937,0.22292735
DHH3_Joys_155_C#m_GuitarKeys-155BPM-C♯ minor-BANDLAB.wav,151.99908088235293,0.07575857326779026,0.06690442,1234.8648959722204,1958.3117538623596,-374.1528,113.750496,-66.00456,-22.971907,-29.923,-23.679674,-31.364649,-45.301395,-24.48538,-26.997784,1.0134721,30.899893,17.841463,0.10731519,0.5223816,0.12444471,0.2714504,0.42968026,0.08567824,0.0033536963,0.0019185719,0.008710196,0.0029998634,0.010995249,0.018859802
DHH3_Joys_155_C#m_KeyPad-155BPM-C♯ minor-BANDLAB.wav,117.45383522727273,0.03210220622659176,0.100638375,421.28587027071944,627.0033247015449,-412.5084,210.95346,57.537365,-9.439738,-2.848257,-5.8144646,-25.06629,-30.184116,-23.289856,-18.93092,-18.549562,-19.054497,-19.272242,0.066266276,0.2534715,0.07807837,0.050865576,0.13282739,0.14116344,0.3257129,0.2799019,0.7039025,0.5103486,0.10586073,0.011126859
DHH3_Joys_155_C#m_LeadSynth-155BPM-C♯ minor-BANDLAB.wav,129.19921875,0.07373046875,0.13612023,1934.6237927823338,3867.6697463132023,-153.63455,84.92762,-30.125929,-10.135896,-29.563366,-21.39686,-27.199066,-14.424838,-10.973262,-4.5185857,-13.455449,-8.133146,-7.773787,0.11000909,0.49271303,0.08521508,0.02317938,0.04500731,0.073427044,0.29541615,0.18341115,0.62399656,0.4271917,0.063751675,0.008489089
DHH3_Joys_155_C#m_Melody-155BPM-C♯ minor-BANDLAB.wav,151.99908088235293,0.07783239700374532,0.0671511,1255.9889973378827,1978.9981456285113,-264.50516,147.37135,-38.40071,-0.8896999,-19.946297,-12.562711,-26.0916,-24.922604,-18.95352,-13.759329,-13.7842455,-3.1785088,-11.305089,0.117363796,0.68790156,0.16529216,0.1775623,0.26944086,0.09878797,0.19223255,0.12318878,0.4303739,0.29864255,0.059694454,0.012520554
DHH3_Joys_155_C#m_SynthChords-155BPM-C♯ minor-BANDLAB.wav,117.45383522727273,0.08866968047752809,0.0730912,1177.111650957409,1769.190550386236,-315.8891,162.1928,-53.43097,-12.509483,-19.76856,-13.194593,-17.813553,-14.075973,-8.6410475,-1.3383588,-0.48160064,-2.738101,5.2900805,0.12240906,0.6910119,0.14515492,0.04441546,0.11961706,0.07418172,0.23654614,0.13647598,0.54413927,0.32655212,0.051355317,0.01713298
DHH3_Joys_155_FullDrum-155BPM-BANDLAB.wav,103.359375,0.2569639513108614,0.043958787,4185.291888451228,6611.217575930477,-398.8997,-10.487901,11.777959,14.038271,-0.2915341,13.547789,3.9238372,9.628088,-2.5264862,4.8715315,2.6083376,4.1666436,1.7838516,0.4279858,0.4635813,0.46100977,0.49379477,0.5396846,0.6120916,0.45154005,0.717526,0.8031021,0.6242342,0.47794622,0.45845065
DHH3_Joys_155_Hi-hats-155BPM-BANDLAB.wav,103.359375,0.35727923103932585,0.054718386,6613.323143854896,8939.666542310393,-447.96246,-105.497696,17.18381,20.594084,-7.8412576,8.057737,-6.97239,10.8914995,-2.7795458,4.3646965,-0.17960557,2.9333062,-0.19691941,0.2165395,0.19089262,0.22121538,0.22983871,0.4075906,0.45369324,0.26144403,0.9443211,0.73134106,0.46257728,0.27714047,0.2879182
DHH3_Joys_155_Kick-155BPM-BANDLAB.wav,103.359375,0.02164896418539326,0.05238888,486.7124399970019,929.4762772120787,-487.795,36.912415,15.863172,9.199721,6.9472017,6.241209,5.545713,4.7340574,4.0844536,3.4002392,3.178716,2.7708268,2.45869,0.3383291,0.32100618,0.3295963,0.33766988,0.35405487,0.34732953,0.32425612,0.3347907,0.35602304,0.3564605,0.34096405,0.34171268
DHH3_Joys_155_PercCymbal-155BPM-BANDLAB.wav,78.30255681818181,0.10177646594101124,0.015846152,1918.441236607325,2856.5769838483147,-559.4908,-21.454323,-7.946226,3.2071688,-4.090011,2.2943742,-0.17561841,1.8151565,-1.9872078,1.186516,-0.38895687,-0.5252052,-0.43238735,0.1801191,0.1667321,0.17004992,0.1526817,0.19698337,0.20603254,0.20521647,0.24778719,0.25668156,0.2000628,0.1698612,0.1862561
DHH3_Joys_155_Top-155BPM-BANDLAB.wav,103.359375,0.32870837722378277,0.017947115,5255.045911157791,8008.819237183989,-464.42532,-53.252655,-11.039355,7.193067,-8.449405,9.388945,-1.257852,6.8262587,-7.390548,1.3961517,-0.69368005,2.8349175,0.031907193,0.3602787,0.41768125,0.42902926,0.4685747,0.5455026,0.5837543,0.4069875,0.8522188,0.8124976,0.56558055,0.3945678,0.3777348
DHH3_Maddy_144_Ebm_DemoFX_02-144BPM-D♯ minor-BANDLAB.wav,143.5546875,0.02783797554347826,0.1974188,1459.2081577669537,3455.367569633152,-197.64223,135.38573,66.83992,16.530664,3.6099813,33.24434,0.16259535,6.6660314,11.613381,-5.210622,0.4498671,1.3823538,-8.492275,0.27222943,0.25166568,0.3114849,0.65995216,0.50345945,0.43742245,0.63294315,0.37912643,0.3320211,0.30073053,0.43015248,0.3969073
DHH3_Maddy_155_Em_AirPad-155BPM-E minor-BANDLAB.wav,112.34714673913044,0.04140332397003745,0.07507294,701.9747827300175,1148.3568512991574,-441.69803,97.68734,-35.588406,-33.837402,-5.0195503,-19.327036,-26.687645,-24.402111,-25.139874,-20.71493,-19.359749,-21.184036,-19.716898,0.012008757,0.007061179,0.025953881,0.00947126,0.053059857,0.34342802,0.31934106,0.82210886,0.29818985,0.013716495,0.002495516,0.0030384683
DHH3_Maddy_155_Em_Bass-155BPM-E minor-BANDLAB.wav,78.30255681818181,0.004105585791198502,0.22391988,146.4007243802265,266.54395628511236,-411.9215,187.2303,124.22557,63.721363,28.398045,14.988547,10.264794,6.97407,4.669538,3.6648886,2.8440685,1.2983412,-0.6033414,0.6681272,0.5288234,0.62406427,0.60533106,0.81143254,0.826511,0.74040145,0.61361855,0.6683744,0.60204905,0.5789713,0.62835556
DHH3_Maddy_155_Em_Demo_01-155BPM-E minor-BANDLAB.wav,103.359375,0.029328878452715357,0.19754039,1518.1696152704242,3652.1159311358847,-191.55602,135.74185,64.71521,10.804436,8.349996,32.43657,-3.6119974,11.078632,5.851869,-7.6705956,2.5299923,-3.130065,-1.9287516,0.38324946,0.24689189,0.24862391,0.3204192,0.6772637,0.52065384,0.3995638,0.61426705,0.38293272,0.3328657,0.29235265,0.39703315
DHH3_Maddy_155_Em_Melody-155BPM-E minor-BANDLAB.wav,135.99917763157896,0.04783876111891386,0.07999181,630.491274089112,939.355743065309,-395.88208,197.61447,7.988585,-45.99708,-21.89772,-19.689945,-27.717093,-26.502666,-24.474468,-24.414612,-25.788576,-25.148605,-17.549072,0.19050446,0.034806672,0.0065092538,0.121989444,0.6269923,0.37666368,0.15438314,0.3290807,0.11439309,0.112405226,0.05965868,0.20369583
DHH3_Maddy_155_FullDrum-155BPM-BANDLAB.wav,103.359375,0.35448487242509363,0.06333343,4453.492862002309,6820.62192766854,-397.43018,-9.743481,34.902744,12.781251,-7.2271476,21.614561,-5.312019,8.830998,5.1417193,-5.4279623,5.382874,0.55206275,0.466496,0.37685862,0.32227132,0.32253358,0.45872095,0.79189765,0.68352467,0.4073361,0.42200014,0.4942907,0.5253415,0.39799768,0.39373764
DHH3_Maddy_155_Hi-hats-155BPM-BANDLAB.wav,103.359375,0.4172354137406367,0.03830884,7318.292593472439,9555.419373244382,-546.2885,-166.00708,39.847225,15.572024,-8.2467575,7.0748935,-10.535596,6.8303723,-1.6020651,2.7931595,-1.0039728,1.3265867,-0.8638749,0.37335616,0.32334954,0.3175888,0.40223676,0.20597918,0.21468687,0.38609126,0.4431976,0.8786804,0.46109053,0.2690577,0.29421228
DHH3_Maddy_155_Kick-155BPM-BANDLAB.wav,103.359375,0.03695941596441948,0.062034044,542.4457762759666,1078.3537789676966,-500.54764,47.60859,20.32381,13.003758,10.746955,8.044366,7.9059343,6.766924,5.005712,2.7803483,1.5667517,3.0414038,3.7783442,0.46623418,0.44649348,0.43620196,0.47594923,0.5131002,0.5123626,0.4623094,0.44589153,0.4396203,0.45525405,0.46284628,0.46397778
DHH3_Maddy_155_Perc-155BPM-BANDLAB.wav,103.359375,0.47804197389981273,0.025326218,5467.561424842919,7087.811073560393,-423.1711,-69.21269,8.031724,32.498978,-28.293484,16.290976,-19.924784,-2.737726,14.15979,-19.982485,7.914185,-5.2777147,-5.6893845,0.028583022,0.028170973,0.08891719,0.5165563,0.9867211,0.27148432,0.03381685,0.025236417,0.03146359,0.032387126,0.032525174,0.03502336
DHH3_Maddy_155_Top-155BPM-BANDLAB.wav,103.359375,0.4954207631086142,0.028316472,5887.588842106861,8163.019553195225,-426.8096,-84.16102,17.94408,12.340212,-22.61371,11.214146,-17.51374,1.8046998,1.4171431,-11.124679,1.7211645,-2.1121533,-3.8873196,0.21386346,0.17613152,0.20826742,0.449423,0.7722178,0.403878,0.27036136,0.29345495,0.44520703,0.32797623,0.23818998,0.2377974
DHH3_Outer_150_A#m_Bass-150BPM-B♭ minor-BANDLAB.wav,143.5546875,0.005204795063405797,0.23741971,261.87083926111137,182.7591605808424,-368.7123,111.39017,39.251762,40.1636,47.828266,35.608456,29.053085,23.349287,15.842386,11.154711,7.528584,5.501853,5.024766,0.70371896,0.43378243,0.26685515,0.23432228,0.27191603,0.3166688,0.42213884,0.61208355,0.7661757,0.8040577,0.837992,0.8513978
DHH3_Outer_150_A#m_Melody-150BPM-B♭ minor-BANDLAB.wav,143.5546875,0.09743687726449275,0.17974287,1312.9072337053015,1336.0338293987772,-272.66998,107.52673,-71.09844,-37.578648,-69.291824,0.4464694,15.472338,10.785361,1.1046846,-17.66184,-10.214354,-12.811348,14.079115,0.41274357,0.36295196,0.056406684,0.0010811486,0.024425108,0.15214035,0.039255302,0.0040073264,0.0028994188,0.067296416,0.4062461,0.13129465
DHH3_Outer_150_A#m_Sample-150BPM-B♭ minor-BANDLAB.wav,99.38401442307692,0.09251868206521739,0.13914266,2805.6185082461184,5643.805727751359,-195.47447,55.322163,21.915863,0.22340018,-18.25695,32.52548,32.479145,37.382523,13.465226,2.8658245,-8.473759,0.94172955,9.919779,0.5410108,0.4876406,0.18356681,0.1183831,0.12710102,0.2175191,0.1405295,0.13177337,0.16085005,0.2253761,0.47635794,0.299895
DHH3_Outer_150_A#m_Synth-150BPM-B♭ minor-BANDLAB.wav,151.99908088235293,0.0964744678442029,0.17355852,1208.7943359492735,1195.5998959748642,-350.53452,95.66845,-72.049484,-77.78198,-58.932983,-8.624298,26.005917,22.578354,-9.029047,-20.874792,-19.733652,-18.596203,5.998241,0.39789376,0.36229125,0.060086798,0.0011291452,0.02122134,0.1327096,0.028644191,0.0020329067,0.0023479462,0.05753292,0.37437716,0.1250514
DHH3_Outer_150_A#m_SynthLead-150BPM-B♭ minor-BANDLAB.wav,151.99908088235293,0.0868751415307971,0.11908898,1771.9966240419856,3640.1255731997285,-249.73871,79.02849,-93.97657,-2.5684319,-85.11643,-12.403896,-28.424158,-17.42715,-0.7285733,-21.656176,-9.125677,-26.101665,-0.58071434,0.15242611,0.1463097,0.021482429,0.0024880245,0.048483524,0.2906041,0.19780035,0.03432186,0.012205548,0.10461356,0.6100541,0.12809828
DHH3_Outer_150_FullDrum-150BPM-BANDLAB.wav,99.38401442307692,0.3785577304121377,0.03916701,4933.666325714824,7703.815493376359,-340.77838,-41.34199,18.284172,19.17438,-9.384083,12.692875,-1.6866114,10.236446,0.3858129,4.1461725,-2.8119164,2.211915,0.04780139,0.6349984,0.6564733,0.64959353,0.6385047,0.6203138,0.5690167,0.58069605,0.59365416,0.66623455,0.6833166,0.6417167,0.6284569
DHH3_Outer_150_Hi-hats-150BPM-BANDLAB.wav,151.99908088235293,0.469650489696558,0.046274897,6346.849204574763,8767.99263332201,-405.93457,-100.35744,21.105404,25.857775,-4.0990567,7.828452,-2.281645,13.107914,1.534095,8.108777,1.3762817,6.0964966,-0.09813121,0.7004391,0.6601964,0.6426879,0.63487715,0.55354285,0.52350265,0.58263004,0.5782949,0.7887364,0.64654166,0.6677349,0.7081361
DHH3_Outer_150_Kick-150BPM-BANDLAB.wav,99.38401442307692,0.024810348731884056,0.03759933,395.18964442428285,752.6868737262229,-507.96933,32.343876,7.5918236,5.507468,1.894334,3.3865404,3.016299,1.7410694,0.54094267,0.4005404,-0.78543246,-0.12837425,0.73055875,0.23412439,0.21087632,0.20793082,0.19669811,0.18524934,0.17221066,0.15527123,0.15904419,0.17324261,0.19219159,0.208957,0.2302464
DHH3_Outer_150_PercCymbal-150BPM-BANDLAB.wav,60.09265988372093,0.2257469287817029,0.017057706,3375.7528938498826,5598.359746518342,-566.7948,-14.616064,5.721598,9.088323,-13.007374,8.378288,-2.8813336,1.1138448,1.6994479,0.9597743,-1.110399,0.42539802,-0.3865401,0.32654825,0.47036025,0.48923647,0.39926636,0.41117713,0.4242738,0.3685941,0.41815642,0.38743696,0.43671805,0.42191446,0.33552456
DHH3_Outer_150_Snare-150BPM-BANDLAB.wav,99.38401442307692,0.03977899966032609,0.013651065,856.29187938538,1512.4734629755435,-607.6464,3.972573,-2.4601016,2.4553342,-1.3758403,2.3781724,1.8427296,2.36275,0.3341702,-0.6635414,-0.6929368,-0.15552048,-0.29137653,0.14358798,0.15684514,0.19256093,0.20512338,0.19779299,0.1637025,0.1304958,0.1289063,0.13774942,0.14526793,0.16834535,0.1797326
DHH3_Outer_150_Top-150BPM-BANDLAB.wav,99.38401442307692,0.4236193670742754,0.034361154,5567.675924178067,8203.097136124321,-349.08884,-67.1425,8.024606,18.950525,-11.413984,10.149383,-3.6029644,9.757766,0.5949867,5.087063,-1.6358693,2.9634533,0.15148403,0.60697454,0.6397458,0.62365955,0.62821215,0.59396774,0.5531829,0.5792324,0.5786334,0.70202625,0.6257122,0.58708686,0.5824804
DHH3_Riser-BANDLAB.wav,143.5546875,0.31200818048007245,0.025145238,3806.714109980368,6230.97560716712,-558.66516,-26.46432,-30.75329,43.045532,-16.803087,-12.748057,-13.600177,23.46129,-16.535778,-20.09189,6.831277,-22.232174,22.924656,0.09584485,0.048506282,0.009577685,0.009000343,0.010659489,0.05447056,1.0,0.4990041,0.64349794,0.09488753,0.0071226126,0.00850804
DHH3_Roch_150_F#m_Bass_01-150BPM-F♯ minor-BANDLAB.wav,99.38401442307692,0.005031419836956522,0.38529742,133.99140937269118,185.84090523097825,-342.8776,162.7256,95.9851,47.402924,30.421299,25.210117,18.343866,11.963888,8.712876,6.949883,5.7192698,5.422243,5.5714164,0.4824765,0.47755122,0.525048,0.54872406,0.6182102,0.677845,0.67346084,0.7081526,0.82638055,0.88801163,0.7762299,0.5998774
DHH3_Roch_150_F#m_Bass_02-150BPM-F♯ minor-BANDLAB.wav,75.99954044117646,0.016493645267210144,0.10653322,205.62935133081703,266.1613132642663,-489.75543,145.1577,106.84193,66.51048,37.80895,21.334394,11.285408,3.6812546,-1.899134,-4.857251,-5.5194416,-5.1223764,-4.857698,0.38230374,0.943401,0.5687714,0.1933671,0.14622363,0.1692604,0.49419773,0.22569482,0.029059127,0.010696702,0.02082767,0.11252875
DHH3_Roch_150_F#m_Melody-150BPM-F♯ minor-BANDLAB.wav,143.5546875,0.0726318359375,0.08304426,750.4320707648242,1120.0386379076087,-353.4677,194.06943,24.770813,-25.881485,-8.104304,9.499273,6.345341,3.5119448,-11.643231,-15.029566,-8.231256,5.869579,15.54345,0.20535421,0.70667124,0.38926426,0.065463126,0.029782562,0.07845576,0.3149749,0.13049886,0.0075595346,0.003323648,0.040744293,0.27049637
DHH3_Roch_150_F#m_Sample-150BPM-F♯ minor-BANDLAB.wav,99.38401442307692,0.03573121886322464,0.19787851,2036.0959198841144,4588.327689792799,-207.68912,91.29357,67.28209,22.6909,-0.051199317,31.69264,18.007557,21.215466,1.0785012,0.20004605,1.4207425,15.932833,16.966719,0.44211233,0.69424814,0.6307043,0.539738,0.547994,0.568811,0.60587686,0.5853683,0.6001084,0.5684453,0.4964603,0.52457184
DHH3_Roch_150_F#m_Synth-150BPM-F♯ minor-BANDLAB.wav,75.99954044117646,0.08080347033514493,0.0662794,807.3717189279715,1126.943306300951,-464.98892,107.778275,8.710122,-58.444046,-59.86011,-24.86205,-1.4600233,-10.088137,-30.90373,-32.350697,-6.548164,26.145813,39.30045,0.12895927,0.641585,0.4187459,0.04910552,0.001627278,0.05204065,0.24711767,0.048376057,0.0009954468,0.0005622664,0.032808483,0.21337938
DHH3_Roch_150_F#m_SynthPlucks-150BPM-F♯ minor-BANDLAB.wav,129.19921875,0.06376670063405797,0.09525933,770.6427193578506,935.0949494735054,-343.31702,165.05806,12.700235,-22.233902,-4.0223002,0.10697179,-9.995646,-10.470262,-3.1463711,-5.5312533,-8.213262,-3.1923766,-1.894648,0.13867848,0.4949971,0.110360585,0.0063388865,0.0054827025,0.09765618,0.39083004,0.08621276,0.003566362,0.0024201092,0.032616068,0.13844177
DHH3_Roch_150_FullDrum-150BPM-BANDLAB.wav,99.38401442307692,0.36950329766757245,0.08752302,4603.9388821185485,7322.888448963995,-319.5759,-31.077538,21.358593,20.968737,0.13371924,19.71522,0.9200931,11.6838875,3.148934,7.424398,2.4660723,5.648598,1.2478465,0.533066,0.5443273,0.54094964,0.74422914,0.66313666,0.624628,0.62926054,0.6452518,0.6130211,0.59034926,0.56201714,0.5598919
DHH3_Roch_150_Hi-hats-150BPM-BANDLAB.wav,99.38401442307692,0.5181707852128623,0.049077872,6084.436838424562,8301.712964928669,-394.6955,-100.80548,22.09438,32.818672,-3.397858,24.13438,-6.696005,15.731097,0.47403893,10.321281,1.8975881,7.8165097,1.9826381,0.50082934,0.48997098,0.4131576,0.48607305,0.4652297,0.4851627,0.4857918,0.70216984,0.5671916,0.69128627,0.5424694,0.6066245
DHH3_Roch_150_Kick-150BPM-BANDLAB.wav,99.38401442307692,0.033976236979166664,0.08658707,422.8437955113011,768.0955969769021,-454.96362,38.797974,17.358208,10.084888,9.945157,7.7412443,6.1462693,5.6464033,4.6049957,3.9600663,3.6141927,2.8959458,2.520514,0.35015255,0.35299557,0.36572728,0.40096128,0.42915437,0.39820582,0.3830821,0.3894957,0.39439455,0.37670705,0.36756003,0.36637363
DHH3_Roch_150_Perc-150BPM-BANDLAB.wav,42.36039959016394,0.17805812669836957,0.01862986,2599.9761874765495,3781.0276197350545,-596.40137,-33.711464,-1.5092824,2.6531765,-5.233072,0.9522995,-3.6844292,-1.4308376,-0.30811995,-0.3885441,-1.1326759,-1.4669617,-1.8252857,0.15716535,0.18105362,0.21160847,0.4023585,0.28806737,0.22466755,0.19074976,0.18208978,0.16925523,0.1569444,0.1443136,0.15921691
DHH3_Roch_150_Snare-150BPM-BANDLAB.wav,99.38401442307692,0.08182426120923914,0.019998787,1544.221009363579,3295.7893703294835,-600.14355,1.9559932,-6.0379047,-3.2082126,-2.254585,0.80815965,0.008374508,1.9522408,-0.5838415,0.04853404,0.09693217,0.77432793,-0.38851863,0.30608898,0.3021373,0.29031867,0.38477606,0.35933024,0.3383645,0.28674343,0.30183545,0.25878796,0.26695183,0.22791198,0.24879621
DHH3_Roch_150_Top-150BPM-BANDLAB.wav,99.38401442307692,0.504608596580616,0.037024457,5749.6808859014,8196.933646824049,-382.17404,-76.98517,6.5315943,18.691881,-7.7006764,17.822363,-6.1068873,10.458607,0.7282652,6.563639,1.0707064,4.5434813,0.39044246,0.46589163,0.47620535,0.46330062,0.681185,0.5722643,0.5224651,0.54704875,0.5959146,0.52740157,0.5168859,0.4686512,0.4999718
DHH3_Stash_150_FullDrum-150BPM-BANDLAB.wav,99.38401442307692,0.3063151041666667,0.059303727,4524.161291787367,6643.110192340353,-357.51425,-23.693836,24.935684,2.3352392,-11.9587,4.6459103,-6.727042,11.367307,-5.866093,5.4682045,-2.9215124,4.1346817,-1.5032699,0.40103272,0.39421627,0.43713614,0.43313453,0.41867623,0.39806888,0.42250404,0.50037783,0.7356847,0.5863629,0.592312,0.45982352
DHH3_Stash_150_G#m_Bass-150BPM-G♯ minor-BANDLAB.wav,99.38401442307692,0.009677168251811594,0.18300419,187.10451889558112,279.1904615319294,-412.14478,84.62048,40.47001,21.828491,21.547873,19.746622,15.60856,13.087299,11.61988,10.019822,8.495648,7.5807467,6.859285,0.29632625,0.28121415,0.31601542,0.3676938,0.41304973,0.42358434,0.42780733,0.4707163,0.5330704,0.5102187,0.42088985,0.34549347
DHH3_Stash_150_G#m_Keys-150BPM-G♯ minor-BANDLAB.wav,151.99908088235293,0.035423389379528984,0.12189608,603.79335335719,1077.8304390285325,-290.19965,211.00066,-9.392248,2.7140193,23.721418,-0.48240402,-13.349163,-27.375853,-20.398293,-6.9987593,-10.672488,-14.479814,-13.447016,0.08674414,0.020406283,0.123715356,0.42025977,0.1460181,0.057366144,0.0343576,0.12757027,0.38971144,0.24905083,0.55728203,0.37632415
DHH3_Stash_150_G#m_Melody-150BPM-G♯ minor-BANDLAB.wav,151.99908088235293,0.03668124433876811,0.10528094,636.1996120198914,1126.5922214673913,-289.69717,203.7085,-20.763231,2.6506517,11.218505,-7.5361223,-20.34284,-32.486504,-23.58269,-16.159487,-16.217926,-22.436007,-21.788078,0.0593689,0.017454088,0.11929164,0.45813635,0.22828603,0.077071436,0.033785176,0.19375746,0.6241745,0.3511724,0.49448356,0.28373078
DHH3_Stash_150_G#m_Sample-150BPM-G♯ minor-BANDLAB.wav,99.38401442307692,0.07441866225090579,0.14543585,2362.6476676261113,4726.772142493207,-209.9195,101.88915,50.60412,5.8254414,10.481952,20.151066,-12.988402,-2.8790207,-14.108828,2.6461492,-6.878681,-3.2960067,-9.732815,0.23343706,0.21260151,0.30783287,0.5241746,0.36918306,0.2941252,0.27032962,0.41369992,0.6838735,0.51166487,0.61074215,0.402913
DHH3_Stash_150_G#m_Synth-150BPM-G♯ minor-BANDLAB.wav,112.34714673913044,0.02595320991847826,0.063675925,400.19782131511437,523.2724397078804,-426.0772,160.41354,60.10082,5.889781,-1.9437755,-3.3888757,-10.802433,-18.054167,-21.184673,-21.29449,-20.41282,-18.770264,-16.640837,0.014288221,0.0060170083,0.115187444,0.43872678,0.40025446,0.09203894,0.032449,0.31516567,0.7189742,0.48734924,0.5860947,0.1788264
DHH3_Stash_150_G#m_SynthPlucks-150BPM-G♯ minor-BANDLAB.wav,143.5546875,0.023317198822463768,0.07532115,432.7076376473259,506.6154148267663,-466.13925,115.43556,46.487488,22.858389,9.105769,0.68870014,-8.7576065,-8.565647,-10.48593,-13.496399,-8.185498,-12.189715,-13.33931,0.011578881,0.0045037842,0.008656217,0.018138772,0.0059201512,0.013746766,0.12207193,0.6421456,0.9099713,0.23360935,0.042532686,0.02982831
DHH3_Stash_150_Hi-hats-150BPM-BANDLAB.wav,99.38401442307692,0.310645946557971,0.04271406,5100.56197082412,6504.158617102582,-526.49713,-85.919876,24.0996,12.023289,-2.5869803,9.516059,-4.7415333,11.701556,-8.949767,4.9964023,-3.6406052,3.2213087,-1.2108347,0.20362978,0.131515,0.09683746,0.14574094,0.15828535,0.13521348,0.18756208,0.19455943,0.58845663,0.61860186,0.42808244,0.34075317
DHH3_Stash_150_Kick-150BPM-BANDLAB.wav,60.09265988372093,0.031970037930253624,0.056403857,384.2252506830994,812.2152577275815,-460.95996,22.168333,8.273295,6.1468387,4.335327,4.596416,4.152118,4.254755,3.936408,2.7579076,2.5182648,1.5508806,1.3811795,0.25172547,0.23803537,0.24343908,0.26954553,0.30868068,0.3390243,0.32079992,0.31089476,0.29136485,0.2762898,0.26779857,0.26459256
DHH3_Stash_150_PercCymbal-150BPM-BANDLAB.wav,151.99908088235293,0.1555122707201087,0.021310547,2051.5088757741833,3037.507961107337,-571.97266,13.2736,7.827886,-9.002371,-9.0698,-4.169727,-4.822506,-1.0699636,-5.723726,-2.9623203,-1.2072903,0.055534944,-3.8848221,0.23801503,0.2649725,0.3178255,0.3317806,0.277312,0.25098094,0.19719914,0.21149403,0.26201674,0.2827301,0.35669613,0.3523294
DHH3_Stash_150_Snare-150BPM-BANDLAB.wav,37.44904891304348,0.03323850769927536,0.011774536,624.8287518793446,1038.7820036514945,-686.1389,-2.99033,-7.1377344,-1.6008086,-4.219925,-1.3798287,-1.4504713,0.9531991,0.45795557,0.36692262,-0.7533108,0.5578088,0.17756368,0.11061495,0.09255706,0.09298416,0.08488267,0.06906123,0.05936284,0.06074843,0.07908498,0.093063116,0.10272509,0.10930545,0.093011886
DHH3_Stash_150_Top-150BPM-BANDLAB.wav,99.38401442307692,0.3388017295063406,0.034099746,5119.94179375593,7108.687691066576,-445.76947,-55.233036,17.494728,-0.40992415,-16.13035,1.8897971,-9.475992,8.749284,-10.599649,2.7394242,-4.7313385,3.3564987,-2.8062155,0.3644004,0.31376323,0.33470348,0.33011696,0.29562655,0.26588234,0.2875305,0.34125793,0.6902551,0.6425398,0.59112114,0.46329618
gameboy-lead-nostalgic-melody_80bpm_F#_major.wav,161.4990234375,0.020388357979910714,0.20345001,634.0309722268867,982.5677490234375,-256.00943,126.397125,19.443945,25.501234,0.21313559,11.805354,-13.873343,16.123987,-13.227865,12.357902,-2.2939699,-1.4445693,-11.090474,0.18038347,0.32343706,0.26917163,0.26884928,0.2830645,0.1927331,0.20508817,0.14668994,0.2082588,0.15414253,0.2230298,0.25517094
IPF1_DaysPast_179_Cm_Sample-179BPM-C minor-BANDLAB.wav,89.10290948275862,0.027370960719814243,0.09897721,944.84188632959,1943.7549130466332,-236.85103,146.39404,7.4387326,40.78577,12.281939,16.045023,3.537597,7.373246,3.8867574,0.33544996,0.93288034,-0.6802972,-0.59010285,0.4161862,0.29322073,0.32773602,0.45071897,0.33179045,0.31511852,0.34257236,0.53128535,0.4421762,0.29612157,0.26188052,0.31350428
IPFI1_Acc_128_Am_Guitar_01-128BPM-A minor-BANDLAB.wav,129.19921875,0.10149303318298969,0.104275815,1646.9680296303075,2868.3114529639174,-318.86044,61.24708,-49.02696,-8.47464,-30.989918,-9.404218,-19.190945,-11.381452,-29.520458,-26.553286,-25.096548,-23.961594,-18.263893,0.37141258,0.08164654,0.0911904,0.02797028,0.022334335,0.013764206,0.10310354,0.300621,0.1073297,0.22602183,0.09795911,0.31050706
IPFI1_BassGuitar_172_Dm_Bass-172BPM-D minor-BANDLAB.wav,57.421875,0.0072541742463617465,0.10705065,114.6319938054394,155.2987144295738,-496.0802,136.55182,94.339806,66.19758,51.25034,40.134495,30.870071,22.314535,15.513282,11.325102,7.8941426,4.910088,3.29059,0.31720933,0.3275617,0.39158535,0.43797198,0.5663135,0.6877764,0.5212116,0.36103857,0.26907596,0.2529442,0.30549046,0.31205514
IPFI1_Chords_108_Gbm_PianoGuitar_01-108BPM-F♯ minor-BANDLAB.wav,71.77734375,0.035050434481070494,0.07864516,667.5960863361744,997.9768200269256,-361.22623,169.86705,9.681893,8.78385,1.1905445,-13.101117,-27.890993,-28.649992,-27.216042,-27.571188,-27.217398,-25.116962,-27.365648,0.10111617,0.21614523,0.080942065,0.29287663,0.68764883,0.16682155,0.10991619,0.16907455,0.46734735,0.3131247,0.06515023,0.07472701
IPFI1_Chords_108_Gbm_PianoGuitar_02-108BPM-F♯ minor-BANDLAB.wav,71.77734375,0.033403282065926895,0.07481639,645.1187657138876,958.0588716750979,-359.63715,164.34334,17.966492,12.20234,4.5909834,-10.775492,-24.626362,-23.392927,-27.314943,-29.158695,-23.427725,-24.166857,-27.491627,0.15117697,0.34793714,0.12773372,0.24706316,0.5550281,0.14015815,0.096970126,0.14935197,0.45054713,0.3747698,0.09746923,0.098652676
IPFI1_Chords_120_Em_EGuitar_01-120BPM-E minor-BANDLAB.wav,117.45383522727273,0.036081153759057974,0.107258454,504.18989542892143,733.3928116508152,-362.23038,191.97899,20.251076,13.233271,-6.04674,-36.84468,-14.972284,-7.5142937,-15.134125,-13.988539,-15.056058,-15.932443,-22.421331,0.33387893,0.19732329,0.3554958,0.22122686,0.3603487,0.14334844,0.2365016,0.22109936,0.04699594,0.06151848,0.115917325,0.32735577
IPFI1_Chords_120_Em_EGuitar_02-120BPM-E minor-BANDLAB.wav,117.45383522727273,0.03235040194746377,0.13694088,484.66637731938164,759.5915421195652,-318.53336,225.46947,19.388466,-3.923889,-0.93519366,-14.6026945,-20.15908,-11.359053,1.136234,-18.013834,-18.10759,-1.3973761,-17.274319,0.30094838,0.26118347,0.3770162,0.26575008,0.37802014,0.2382616,0.39696157,0.2545126,0.09389638,0.13697878,0.144886,0.31838864
IPFI1_Chords_120_Em_EGuitar_03-120BPM-E minor-BANDLAB.wav,123.046875,0.055901834239130435,0.21402265,1198.0718482927873,2408.9100713315215,-238.70976,121.73141,-89.665764,25.872463,-36.258667,-54.06589,-21.689512,-46.0105,-18.945974,-20.759064,-36.47545,-25.370817,-27.20657,0.019843142,0.08227516,0.26383778,0.12845245,0.1734128,0.12228165,0.31400144,0.32868272,0.115414105,0.12688269,0.056925416,0.06600746
IPFI1_Chords_120_Em_Keys-120BPM-E minor-BANDLAB.wav,117.45383522727273,0.06927861752717392,0.06655477,891.995532076286,1088.7998896059783,-439.525,129.62608,-65.15188,-72.134384,-31.221243,-50.47852,-42.941456,-2.8807073,9.54094,10.47141,15.69155,7.83794,-2.6885204,0.054850005,0.035159167,0.15206783,0.11177442,0.45615727,0.18615445,0.5413172,0.53827655,0.09820212,0.057344604,0.042369384,0.19919294
IPFI1_Chords_124_Em_EGuitar_01-124BPM-E minor-BANDLAB.wav,123.046875,0.09212776424287857,0.08369612,1164.3173292503636,2012.2084221561095,-316.97662,165.60568,-91.53628,1.3238212,11.500247,-25.610765,-36.620625,-34.42584,-16.488083,-23.654263,-28.665731,-24.233812,-32.5587,0.09436825,0.12995154,0.0884211,0.07372635,0.27822855,0.1496998,0.41645706,0.38366392,0.36714265,0.43087065,0.29575297,0.3701262
IPFI1_Chords_124_Em_EGuitar_02-124BPM-E minor-BANDLAB.wav,123.046875,0.09455965376686656,0.076392636,1088.9403005318427,1965.0581325548164,-292.68906,205.68633,-85.34143,-0.91262436,41.6382,-16.296854,-19.713486,-6.838833,-10.645533,-7.9152617,-14.128215,-24.97781,-23.247473,0.2811339,0.16475025,0.2519827,0.18763897,0.38533607,0.18170969,0.36558726,0.50681615,0.22031678,0.3550249,0.3431962,0.38042456
IPFI1_Chords_124_Em_EGuitar_03-124BPM-E minor-BANDLAB.wav,123.046875,0.07894343843703149,0.05922323,1214.2062770563002,2142.053314163231,-293.0785,189.63109,-92.93885,4.7037673,38.773533,-12.808813,-24.28403,-11.614364,-17.81975,-18.983086,-16.336235,-28.861849,-22.547396,0.4759888,0.28211442,0.2814776,0.18010187,0.21857058,0.122010425,0.16385767,0.3184305,0.21296103,0.4895017,0.36484882,0.39269438
IPFI1_Chords_124_Em_Keys-124BPM-E minor-BANDLAB.wav,123.046875,0.08694627295727136,0.037982002,1324.1849905424635,2117.9697016726013,-360.8313,135.71848,-81.27814,-25.061762,-21.522913,-37.470795,-25.828043,-25.496109,-27.156841,-22.158672,-23.085733,-22.907103,-15.427754,0.24079241,0.14003612,0.15631387,0.1703342,0.54663366,0.18664445,0.29889527,0.46585417,0.21252938,0.34213963,0.1601731,0.3691441
IPFI1_Chords_167_Fm_Piano_01-167BPM-F minor-BANDLAB.wav,107.666015625,0.04986233523587286,0.050679278,825.3557860845497,1525.206989861882,-337.68805,166.41017,-14.801363,11.298023,20.231285,-11.100489,-16.733706,-16.462542,-17.909388,-13.422133,-8.432797,-8.85388,-7.057417,0.37717614,0.18267691,0.14359865,0.35976222,0.15285864,0.2724889,0.12736009,0.33511743,0.31955683,0.13508426,0.2749079,0.15986785
IPFI1_Chords_167_Fm_Piano_02-167BPM-F minor-BANDLAB.wav,83.35433467741936,0.03409543311680121,0.066407025,578.3761592687542,992.7219487102674,-326.08463,228.08397,-11.021922,4.537381,25.318499,-8.074819,-11.166045,-12.227052,-12.11391,-6.9653187,-10.474855,-11.267416,-8.324339,0.5012198,0.32943192,0.2306416,0.2300448,0.18030736,0.30935577,0.19646323,0.3159498,0.3109968,0.15981112,0.35135183,0.24365056
IPFI1_Chords_167_Fm_Piano_03-167BPM-F minor-BANDLAB.wav,83.35433467741936,0.036315117305751765,0.047717232,673.9382244109037,1268.329565700681,-332.77347,213.39166,-25.77534,13.659535,21.700142,-8.163333,-5.961697,-11.943679,-10.737274,-6.831582,-9.653339,-9.744673,-8.4782295,0.60034674,0.39739025,0.19349574,0.25142804,0.21276733,0.33207467,0.2049648,0.28896546,0.32658038,0.17604482,0.35214674,0.2785984
IPFI1_Chords_167_Fm_Piano_04-167BPM-F minor-BANDLAB.wav,83.35433467741936,0.038582594916750756,0.07567728,712.7590758028553,1318.1318881653633,-291.51437,194.46954,-18.060745,12.203093,21.329073,-9.84043,-5.4683266,-8.907071,-15.600177,-9.076968,-6.205588,-11.780983,-9.642842,0.22613981,0.116090745,0.15025489,0.16183269,0.15482685,0.2229791,0.1684336,0.40270022,0.4197805,0.17637713,0.2776103,0.15631154
IPFI1_Chords_167_Fm_Piano_05-167BPM-F minor-BANDLAB.wav,83.35433467741936,0.05275701707409274,0.06514514,755.8741917627286,1205.2732898342995,-361.17114,175.98936,-2.5531163,9.261809,12.730047,-17.91772,-17.201542,-13.585754,-15.09114,-9.487283,0.6344885,4.0445533,3.6811469,0.35087743,0.15857534,0.1107001,0.40369838,0.17292385,0.35336426,0.094827004,0.08529766,0.025604557,0.04269282,0.12335061,0.11601933
IPFI1_Chords_89_Eb_Bass-89BPM-E♭ major-BANDLAB.wav,135.99917763157896,0.03560042842741935,0.17090319,758.7097815581835,1575.8831590221773,-232.94348,210.65312,-62.72815,-1.0666935,53.416027,22.651348,22.470297,18.372715,2.9567714,5.235537,10.697162,3.2894874,-5.7289248,0.36915535,0.43365562,0.5467253,0.44644693,0.50038934,0.45912555,0.4134123,0.398398,0.41760555,0.4246901,0.4245139,0.3783839
IPFI1_Chords_89_Eb_EGuitar_01-89BPM-E♭ major-BANDLAB.wav,135.99917763157896,0.0524424563172043,0.12279663,736.4876394593812,1347.7238218245968,-262.8025,262.0661,-43.148067,-27.967945,17.43498,5.1964393,-20.275974,-13.961374,-3.5157087,-22.16975,-11.751357,-8.706514,-25.122368,0.118883416,0.09785464,0.4590135,0.42164782,0.27653578,0.55949277,0.38022035,0.85136914,0.24795792,0.1174595,0.14449987,0.114721075
IPFI1_Chords_89_Eb_EGuitar_02-89BPM-E♭ major-BANDLAB.wav,129.19921875,0.05035282258064516,0.04798677,1140.0913571674173,1785.2183089717741,-426.9894,103.06363,-21.924942,-18.734358,-30.838966,-30.077543,-23.876436,-22.12537,-19.757288,-19.423983,-23.74067,-19.151783,-15.5969715,0.0016586684,0.0068885614,0.25362304,0.9988012,0.21690738,0.006998564,0.04208815,0.12952027,0.017687684,0.010279312,0.07230395,0.014375356
IPFI1_Chords_89_Eb_EGuitar_03-89BPM-E♭ major-BANDLAB.wav,135.99917763157896,0.06361937163978494,0.15507512,900.1929334223979,1502.4155745967741,-261.32013,197.67825,-66.77179,-32.960136,-1.189268,-0.7541769,-16.04004,-14.226081,-10.2948675,-27.43067,-11.023969,-5.82952,-26.358402,0.048391823,0.06310646,0.38569042,0.12207565,0.059400883,0.2658669,0.20052469,0.6453749,0.2741995,0.12107037,0.24701719,0.09962928
IPFI1_Chords_89_Eb_EGuitar_04-89BPM-E♭ major-BANDLAB.wav,135.99917763157896,0.07487504200268817,0.08435247,951.4297434018774,1586.001449092742,-307.6459,191.85378,-55.701637,-29.65741,11.489878,11.289588,-20.968393,-11.96096,1.7310941,-26.445341,-14.963478,-4.538506,-29.06636,0.044604357,0.13442339,0.60779494,0.57295036,0.12033802,0.05809195,0.106799655,0.26332432,0.078308545,0.090987235,0.1054926,0.052951414
IPFI1_Chords_89_Eb_EGuitar_05-89BPM-E♭ major-BANDLAB.wav,129.19921875,0.04057249663978495,0.1415611,647.6542842918112,1233.0421496975807,-255.39789,240.58482,-23.707764,-20.560228,21.443178,14.212397,-17.202444,-10.72033,4.2074323,-17.114063,-14.300565,-5.035969,-22.437943,0.19008146,0.23090965,0.5415431,0.601601,0.29577312,0.39130908,0.21872261,0.3722018,0.24069305,0.32444647,0.21167864,0.12757291
IPFI1_CO_120_Gm_Pads-120BPM-G minor-BANDLAB.wav,117.45383522727273,0.06083205955615942,0.07885703,903.0212406504302,1458.515625,-275.54416,213.2502,-59.884274,-27.338509,-6.5990815,-35.46425,-15.30662,-11.879725,-11.198578,-5.133514,-9.132334,-7.471858,-10.7796135,0.057434935,0.21194743,0.645482,0.35066676,0.14363521,0.33559215,0.13003886,0.27137074,0.09219813,0.2097379,0.32727116,0.0711045
IPFI1_CO_120_Gm_Piano_01-120BPM-G minor-BANDLAB.wav,80.74951171875,0.03653405230978261,0.084923014,507.6981345090821,800.6450619904891,-347.19824,221.47786,19.39929,-5.0464835,19.986498,-1.3301482,-16.548367,-12.918198,-11.313865,-12.423848,-14.594483,-17.391254,-17.798857,0.026322095,0.099016726,0.28500435,0.1625126,0.2390843,0.44941503,0.27268115,0.3060915,0.208483,0.5128567,0.5098562,0.116952814
IPFI1_CO_120_Gm_Piano_02-120BPM-G minor-BANDLAB.wav,161.4990234375,0.030978968523550726,0.08695684,421.81068874285774,701.4518936820652,-356.68063,245.5602,44.379517,-11.15131,14.837727,2.8008807,-17.283916,-9.569352,-4.1616874,-8.561087,-7.9561496,-6.7137375,-9.67531,0.04688482,0.1254697,0.40292376,0.22579916,0.26941112,0.6171,0.29726607,0.24602467,0.15906286,0.323278,0.46836746,0.16837999
IPFI1_DarkAcc_108_Gbm_Guitar-108BPM-F♯ minor-BANDLAB.wav,71.77734375,0.038359400497715405,0.079305634,806.2077526374442,1279.0750767481234,-372.44427,132.09158,16.41363,18.449545,11.521201,-6.9346538,-26.980581,-28.57281,-25.517889,-25.341463,-22.572128,-21.985039,-26.592644,0.19748867,0.40490696,0.16631137,0.26903525,0.5656949,0.168156,0.12791654,0.13075855,0.29844266,0.14523062,0.07239001,0.109693654
IPFI1_Dark_108_Gbm_Piano_01-108BPM-F♯ minor-BANDLAB.wav,71.77734375,0.03265747389033943,0.04047874,528.0582080120018,727.6592204838446,-442.07376,147.99057,39.581944,-0.19632125,-8.35057,-12.338191,-15.101789,-20.52034,-30.019302,-28.43342,-23.187674,-23.308146,-21.06749,0.03296176,0.009938069,0.0073403395,0.087816894,0.413289,0.1559526,0.021843277,0.10180357,0.49278012,0.58885425,0.17933783,0.089961916
IPFI1_Dark_108_Gbm_Piano_02-108BPM-F♯ minor-BANDLAB.wav,172.265625,0.03376279985313316,0.022440132,512.5121606127116,698.9717090098727,-501.01913,117.491974,46.26169,8.212761,-4.6857734,-11.469446,-19.304628,-24.231323,-24.98778,-20.74968,-18.437597,-20.840185,-24.01951,0.038687486,0.01046427,0.008671508,0.05767463,0.15401971,0.11791033,0.31885952,0.20457393,0.5588977,0.42968938,0.14932272,0.1232337
IPFI1_Dark_108_Gbm_Piano_03-108BPM-F♯ minor-BANDLAB.wav,99.38401442307692,0.03568787736618799,0.054754183,554.2416836321773,800.1861970667428,-420.4995,167.65279,28.578028,-5.93309,-8.362796,-14.905916,-20.267801,-25.19753,-31.114378,-26.939085,-22.696312,-25.308456,-25.830502,0.07127599,0.16559486,0.04051641,0.12038762,0.34620878,0.104946375,0.09849744,0.16493247,0.55551296,0.42834115,0.097123966,0.07475858
IPFI1_EGL_124_Am_EGuitar-124BPM-A minor-BANDLAB.wav,123.046875,0.0707364567739521,0.070222,1528.360165563823,3065.0322645724177,-208.93668,149.68622,-53.96241,45.22434,-21.855087,-4.9568367,-19.333773,-8.739297,-7.5354967,-2.1296937,-23.028055,-7.779139,-6.293237,0.36000484,0.2380149,0.15766284,0.14644453,0.23255628,0.26222622,0.19056374,0.4402002,0.29653424,0.5871894,0.20751579,0.16291493
IPFI1_EGL_124_Am_Keys_01-124BPM-A minor-BANDLAB.wav,117.45383522727273,0.046123573166167664,0.07595129,568.5864286522507,761.2374128695734,-398.09,216.4019,28.883987,-30.078064,-24.941845,-35.554684,-38.02586,-18.327965,-6.4752607,-13.554751,-15.612825,-8.863424,-7.6943665,0.35229868,0.089545034,0.038578004,0.10404002,0.5857187,0.50622106,0.15968397,0.22830369,0.2262278,0.6257652,0.17122333,0.07966056
IPFI1_EGL_124_Am_Keys_02-124BPM-A minor-BANDLAB.wav,112.34714673913044,0.033127105164670656,0.058457118,618.6323485998263,1056.8676611620508,-315.00427,229.27304,-5.7017436,19.288378,17.14812,0.9070597,-2.0526352,-6.7565875,-5.1906066,-5.5446515,-5.9328256,-3.7159169,-4.3867292,0.7004102,0.38245088,0.08069366,0.17669493,0.62468785,0.33544576,0.1765588,0.38131434,0.27569717,0.40253535,0.19423911,0.20465207
IPFI1_FoChop_120_Fm_Vocals_01-120BPM-F minor-BANDLAB.wav,60.09265988372093,0.06506559338872832,0.04263284,1325.6085981298172,2241.6313391889453,-343.35196,114.26621,-36.793755,-32.01539,-29.228685,-27.097273,-34.849556,-18.218885,-12.097442,-12.902996,-22.757837,-17.547653,-9.436441,0.9194888,0.43093053,0.057692908,0.04201168,0.13783146,0.32085848,0.13532755,0.22932284,0.16630723,0.15729213,0.1629226,0.35365495
IPFI1_FoChop_120_Fm_Vocals_02-120BPM-F minor-BANDLAB.wav,123.046875,0.14386180932971016,0.04588756,1832.5680180305292,2600.0874660326085,-332.34848,88.98649,-147.11354,-44.050262,-31.696938,-7.487157,-19.346378,-10.893399,-22.255062,-24.337448,0.19069275,-11.297514,-2.074449,0.27749074,0.34471244,0.30002978,0.82196635,0.57748526,0.27708945,0.2225601,0.13833928,0.18957208,0.44890884,0.3761215,0.117591485
IPFI1_FolkAcc_120_Fm_Guitar_01-120BPM-F minor-BANDLAB.wav,123.046875,0.044797327898550725,0.07564128,1026.8140718513584,1844.459281589674,-315.9556,143.03487,-22.331615,13.571649,-18.5915,-6.712316,-24.20522,-36.74633,-38.57561,-28.833038,-19.36779,-14.857563,-13.3102045,0.13155873,0.06301955,0.090498514,0.29268727,0.17166623,0.13810045,0.060713,0.05821363,0.14359371,0.27069008,0.70465505,0.2869693
IPFI1_FolkAcc_120_Fm_Guitar_02-120BPM-F minor-BANDLAB.wav,117.45383522727273,0.08591485507246377,0.097620256,1837.8879563029902,3579.5985478940215,-267.50336,60.41851,-37.3661,21.291422,-45.013157,-50.375725,-51.948334,-13.466359,-43.86916,-31.793076,-16.351757,-10.2715435,-3.8274987,0.3857382,0.096095785,0.08010261,0.28938624,0.19068156,0.44756946,0.172887,0.12101552,0.17603147,0.061307825,0.13921352,0.11563905
IPFI1_FolkAcc_120_Fm_Guitar_03-120BPM-F minor-BANDLAB.wav,117.45383522727273,0.06118800951086956,0.064592235,1344.6902978209291,2505.715862771739,-367.96652,86.99678,-47.697655,18.478395,-28.867783,-47.29963,-54.278362,-8.383711,-7.3442254,-35.28454,-19.033184,-17.236828,-35.474106,0.014638584,0.018195393,0.10839547,0.21462548,0.18047754,0.32195783,0.20272993,0.5296831,0.4050691,0.072766304,0.012552355,0.013196874
IPFI1_FolkAcc_120_Fm_Guitar_04-120BPM-F minor-BANDLAB.wav,123.046875,0.05536401721014493,0.06072883,860.7659743906839,1562.7488111413043,-371.86966,151.33047,-23.383814,3.8834183,-10.638851,-39.440403,-34.349724,-26.618654,-27.571476,-37.379444,-35.557625,-29.385838,-25.886896,0.27097183,0.09471934,0.079167195,0.32361853,0.14268717,0.11516409,0.08175215,0.33763182,0.32340398,0.12920788,0.34182373,0.14307699
IPFI1_FoPads_120_Fm_Synth-120BPM-F minor-BANDLAB.wav,117.45383522727273,0.041454370471014496,0.07349186,489.9311410770566,696.489894701087,-428.2877,205.68845,73.04521,-25.920555,-52.89991,-43.661373,-37.180412,-36.21484,-30.62384,-22.742538,-20.15428,-22.899912,-25.78736,0.7197993,0.17163783,0.12177316,0.38747203,0.18012264,0.31918606,0.09885324,0.24677464,0.57893795,0.16080585,0.03188646,0.22325899
IPFI1_FoPBass_120_Fm_Bass-120BPM-F minor-BANDLAB.wav,117.45383522727273,0.007202502264492754,0.1442793,95.93723902214,129.13680366847825,-487.83823,96.420746,83.358795,67.92215,54.531918,44.559544,37.255688,31.454014,26.361645,21.623999,17.267752,13.510403,10.406671,0.15137063,0.15260617,0.23312537,0.33985662,0.4712039,0.52886254,0.5968781,0.64158636,0.67960864,0.5586227,0.35632843,0.21508765
IPFI1_Growl_124_C_Bass-124BPM-C major-BANDLAB.wav,123.046875,0.00968083364520958,0.17801261,277.3809716296499,427.21488175991766,-337.56195,178.3922,59.183395,32.66504,24.373379,20.02914,15.615679,7.929172,5.151585,5.2244444,4.801724,3.6579163,1.3238851,0.40351462,0.456179,0.5254449,0.48178822,0.4404367,0.3259482,0.20927224,0.21688321,0.3001687,0.33566514,0.38050643,0.40475687
IPFI1_GtrBass_105_Eb_Bass-105BPM-E♭ major-BANDLAB.wav,103.359375,0.005672241830583756,0.20063531,84.2384461000987,134.73281473072652,-472.90994,76.19776,73.35808,68.80943,62.80995,55.689205,47.823494,39.608784,31.432457,23.646227,16.543793,10.346191,5.195032,0.2171375,0.26688245,0.42621505,0.59894323,0.7486136,0.8288894,0.7180416,0.59016687,0.4484345,0.352369,0.28847268,0.23549186
IPFI1_GtrLead_108_E_Synth-108BPM-E major-BANDLAB.wav,107.666015625,0.13566250713936032,0.11336642,1695.6713199520666,2492.1730937907964,-310.37576,89.89437,-150.09328,-34.258408,-17.91099,-41.35872,-37.273243,-7.9163675,6.838261,17.57964,17.444496,-0.3226415,-14.673683,0.03260902,0.013347954,0.012548037,0.124846146,0.5050339,0.088797286,0.023055512,0.10631676,0.57110095,0.10016437,0.029057635,0.1697866
IPFI1_HiPads_179_Cm_Synth-179BPM-C minor-BANDLAB.wav,143.5546875,0.14513737401920995,0.042750943,2641.498065151772,4883.317982066761,-300.62668,7.131102,-62.173557,7.917803,-39.025307,-23.293734,-39.1203,-28.696907,-30.43698,-24.182005,-22.64811,-6.592631,-4.112582,0.5448239,0.19877829,0.36507463,0.3943392,0.14308874,0.2157585,0.12356525,0.40033618,0.21146299,0.15982111,0.36270824,0.23796575
IPFI1_InkPlucks_179_Cm_Keys-179BPM-C minor-BANDLAB.wav,89.10290948275862,0.01984197443181818,0.1258031,272.6287087248448,377.80983664772725,-402.73148,198.72493,97.1051,25.755219,7.0971284,8.937488,5.6707683,-1.2468079,-4.622834,-4.954238,-5.7070894,-7.850975,-10.155056,0.76165026,0.3478632,0.1238146,0.17492267,0.11863642,0.12914847,0.10493003,0.23526111,0.44691223,0.2587334,0.19066143,0.31894922
IPFI1_Ink_179_Cm_Keys_01-179BPM-C minor-BANDLAB.wav,89.10290948275862,0.03890185335497835,0.05320275,550.5493061845837,738.3744673295455,-440.50723,205.42827,26.03702,-34.52465,-20.910536,-23.447746,-35.702827,-33.883617,-22.625334,-14.824054,-14.727002,-15.692696,-15.26737,0.27694777,0.097058564,0.3077635,0.8862156,0.31319124,0.28585884,0.11158982,0.14719158,0.040246874,0.017005384,0.032076526,0.09021483
IPFI1_Ink_179_Cm_Keys_02-179BPM-C minor-BANDLAB.wav,89.10290948275862,0.0387306378517316,0.040711474,549.548274498825,740.4485529119319,-459.88312,196.23085,28.819221,-33.02191,-22.000544,-22.917528,-35.073174,-34.28936,-23.036545,-15.195528,-15.208781,-16.34222,-15.703474,0.24914658,0.08801394,0.30347723,0.89977586,0.30865747,0.24468748,0.1017665,0.15788448,0.06998137,0.024067443,0.03321353,0.08460271
IPFI1_INSE_89_Eb_Guitar_01-89BPM-E♭ major-BANDLAB.wav,89.10290948275862,0.02383757560483871,0.18301408,584.9171964990218,1279.7205771169354,-289.3338,187.08044,-32.64867,8.142024,39.932587,-14.448754,-10.87183,13.184332,6.644727,-3.434239,-7.4752183,1.0385076,6.834259,0.05726983,0.06633384,0.25979874,0.40308785,0.4660766,0.51381826,0.41448626,0.50745034,0.25831354,0.029804604,0.024183229,0.05395736
IPFI1_INSE_89_Eb_Guitar_02-89BPM-E♭ major-BANDLAB.wav,89.10290948275862,0.02762726814516129,0.16118157,674.9920929203728,1451.893586189516,-267.35025,202.72119,-38.215466,10.313871,37.454773,-13.669456,-10.971334,5.787425,-5.238082,-10.333581,-17.454466,-5.1749926,5.131022,0.06153584,0.07347665,0.2667109,0.46302044,0.47577658,0.5158785,0.41027436,0.5058928,0.25543112,0.04065308,0.08906444,0.07857843
IPFI1_INSE_89_Eb_Guitar_03-89BPM-E♭ major-BANDLAB.wav,129.19921875,0.05538264448924731,0.061440714,904.6781815735629,1559.6290637600807,-346.1516,182.7545,-37.23392,-3.1436973,12.739567,-16.739017,-20.251612,-19.594925,-33.51491,-27.362803,-31.038998,-18.58899,-3.7814693,0.02663011,0.059234466,0.29420918,0.760709,0.18443714,0.035311155,0.119394585,0.4237374,0.13043913,0.13653858,0.54896086,0.14606681
IPFI1_INSE_89_Eb_Guitar_04-89BPM-E♭ major-BANDLAB.wav,161.4990234375,0.06415280577956989,0.06641343,1194.2577062509044,2116.0655556955644,-332.29916,144.93068,-79.094505,19.799723,6.2922034,-24.638378,-8.138365,-9.776544,-25.875336,-6.904756,-23.23644,-12.9657955,-2.6513515,0.15914689,0.060657915,0.3406274,0.72307235,0.2955967,0.48320124,0.10154951,0.11836406,0.024523547,0.030832425,0.054579638,0.055960428
IPFI1_IN_89_Eb_Bass-89BPM-E♭ major-BANDLAB.wav,123.046875,0.014452074932795699,0.079019755,306.0026933942908,544.5584992439516,-372.23145,185.2263,48.444992,5.060995,25.78717,23.520527,3.9631116,1.6629523,7.3753214,6.4897823,3.5766323,2.5152214,2.2567608,0.31252015,0.44598183,0.5235809,0.60626054,0.5880693,0.5991598,0.57559335,0.9189301,0.429704,0.33183298,0.6446516,0.47217384
IPFI1_IrPads_122_A_Keys-122BPM-A major-BANDLAB.wav,123.046875,0.026159775995575223,0.063947745,384.7575612674228,512.4616504770464,-438.12082,169.90268,65.21414,15.896221,-4.49635,-3.641279,-4.1362505,-12.473181,-16.536198,-22.65976,-24.216244,-21.056019,-21.898157,0.3206872,0.8245675,0.47620827,0.27008384,0.23241712,0.06928092,0.06208842,0.15575472,0.4757419,0.20482592,0.052682027,0.029412827
IPFI1_IrPads_122_A_Synth-122BPM-A major-BANDLAB.wav,123.046875,0.09998602853060472,0.07430397,1857.9338731810178,3497.5575134817477,-198.91708,112.84145,-75.83056,38.856792,-14.974034,2.352699,-8.139111,-6.817763,-13.406815,-4.6804795,-15.00759,-12.128287,-13.39527,0.12910919,0.39784443,0.12908058,0.12890734,0.32922927,0.14975338,0.11200129,0.23742077,0.29971093,0.8955062,0.4109415,0.1595965
IPFI1_IrPads_122_A_SynthPad_01-122BPM-A major-BANDLAB.wav,123.046875,0.09251417311946902,0.05903772,1786.6980418334438,2888.037649509126,-292.4673,84.191864,-55.93061,-47.583923,-44.812622,-14.280948,-10.118158,9.274782,3.4646485,20.598677,14.1363125,5.8433156,-7.477368,0.06446959,0.4031151,0.07065467,0.06585089,0.4307409,0.16892965,0.52793574,0.105189994,0.115648285,0.69272447,0.109326474,0.005251402
IPFI1_IrPads_122_A_SynthPad_02-122BPM-A major-BANDLAB.wav,123.046875,0.03786988384955752,0.06855593,907.305522848146,1122.4261528622787,-340.77866,155.9347,11.768212,-12.721126,-22.810293,-16.046938,-46.25561,-23.631075,-48.592506,-25.76784,-24.828508,-18.530527,-13.614808,0.15028916,0.56203425,0.6649239,0.26354682,0.2271431,0.10141211,0.1221952,0.077896155,0.25280976,0.45990944,0.23977463,0.08128734
IPFI1_IrPads_122_A_SynthPad_03-122BPM-A major-BANDLAB.wav,123.046875,0.15048712896386432,0.04357392,1905.7669716184514,3265.3451024958517,-238.73099,122.84049,-121.79056,7.6905394,-42.62686,-17.626997,-32.550735,-37.661568,-17.130522,-18.909853,-26.263306,-17.936024,-26.936993,0.22058414,0.4970731,0.25283864,0.2514419,0.44690233,0.22835836,0.32151148,0.33387256,0.660845,0.64676356,0.38143656,0.21369413
IPFI1_IrPads_122_A_SynthPad_04-122BPM-A major-BANDLAB.wav,123.046875,0.055641736956120944,0.02924241,992.4354340491341,1387.0177682522124,-396.4703,168.46663,-25.638762,-55.28595,-36.010517,-32.881023,-41.231487,-24.993565,-50.111725,-25.851494,-21.264824,-22.36775,-23.570658,0.18735039,0.46460554,0.47396967,0.25844032,0.3366632,0.18292186,0.3483655,0.09481879,0.11501392,0.34580335,0.1553278,0.28135714
IPFI1_IrPlucks_122_A_Synth-122BPM-A major-BANDLAB.wav,123.046875,0.03225392929572271,0.060113654,954.9573718611878,1824.2561272815265,-248.95456,166.07036,0.44744256,43.430706,3.526005,11.211077,-2.984734,5.348238,-1.0515494,-0.7892683,-9.65415,-4.292262,-4.7851396,0.24847911,0.5988688,0.5536493,0.33329734,0.19227938,0.11803019,0.15704396,0.15125567,0.37437508,0.70778626,0.30070952,0.12791468
IPFI1_IrStutter_122_A_Synth-122BPM-A major-BANDLAB.wav,123.046875,0.06410815933812684,0.07073211,822.1235600645971,1061.5265702779313,-368.8514,179.89856,-45.272686,-95.039085,-56.11396,-48.3464,-40.678234,-18.54088,-11.525156,-13.972225,-9.796059,-4.6090007,-2.597173,0.22684403,0.47990575,0.1642807,0.026993306,0.010548314,0.088358745,0.4273156,0.18312205,0.39657265,0.11977849,0.08632811,0.4161693
IPFI1_IrSynth_122_A_Bass-122BPM-A major-BANDLAB.wav,123.046875,0.0045479293418141595,0.19522038,133.55236586351757,170.24887219994469,-377.1463,168.53136,74.32435,13.393826,11.504519,30.141882,30.707878,16.341589,8.826512,12.039043,14.279086,11.394669,9.441942,0.61972487,0.57830197,0.5376573,0.5502467,0.57812613,0.56902283,0.5307962,0.55090195,0.63941455,0.6851171,0.6537049,0.6372074
IPFI1_Jux808_118_Em_Bass-118BPM-E minor-BANDLAB.wav,117.45383522727273,0.015485888532763533,0.10348189,326.9992244803467,611.3343850160256,-449.73322,137.27228,80.92096,51.227642,31.435286,18.78179,12.041604,8.817214,7.071218,4.707415,2.648404,1.9317774,1.7100773,0.5965626,0.57177114,0.6291274,0.6665645,0.7209257,0.7378866,0.70912194,0.6780546,0.6617426,0.6549208,0.6333174,0.634488
IPFI1_Jux_118_Em_EGuitar-118BPM-E minor-BANDLAB.wav,123.046875,0.03988164229671897,0.11410786,694.7166250694959,1231.2169487228066,-256.72485,204.55545,-18.667933,8.74723,12.648761,-20.535152,-16.0368,-17.099941,-13.340911,-7.0069966,-10.786141,-15.764539,-14.560109,0.21213411,0.20554729,0.5301642,0.2388999,0.13096634,0.08913398,0.31778088,0.7998317,0.2712538,0.17730369,0.11660488,0.26043218
IPFI1_Jux_118_Em_Guitar-118BPM-E minor-BANDLAB.wav,117.45383522727273,0.024703827121968617,0.057408907,711.5926909145041,1061.838800318741,-366.77747,145.22215,23.976023,22.97874,16.822071,11.127191,7.667728,-0.4232841,-5.8344707,-7.2870703,-15.583045,-13.532153,-6.5727043,0.11955998,0.10162023,0.1487001,0.16586803,0.21641564,0.19502288,0.3851855,0.73332393,0.49169135,0.3817523,0.27880284,0.18688475
IPFI1_Jux_118_Em_Piano-118BPM-E minor-BANDLAB.wav,123.046875,0.02819354047788873,0.042409647,458.70082856913547,834.0506865192582,-447.96692,200.6356,44.64705,-21.551907,2.0843709,20.171524,3.5442953,-11.873386,-9.727132,-3.9044898,-4.760532,-10.359386,-14.878601,0.124009214,0.16752651,0.45347536,0.34254554,0.32411167,0.24277838,0.4000862,0.638192,0.2397316,0.051916283,0.06462206,0.274394
IPFI1_KLE_108_Gbm_Guitar-108BPM-F♯ minor-BANDLAB.wav,215.33203125,0.04992707653394256,0.070823,784.1541065524011,1362.4810998184562,-347.44232,175.14606,-23.145205,-6.4134207,2.9620068,-24.994026,-24.979067,-24.600323,-25.306807,-16.600079,-14.8072195,-23.32033,-31.250763,0.22815545,0.5148784,0.2578514,0.24950396,0.53266394,0.17974573,0.29820132,0.12221142,0.26518336,0.11267879,0.09481223,0.20205113
IPFI1_LeadPast_179_Cm_Synth-179BPM-C minor-BANDLAB.wav,89.10290948275862,0.043477112080627704,0.080282964,1193.3767911429725,2258.5743297230115,-304.47513,89.4897,-29.685179,13.982008,-37.42311,-17.660269,-36.052177,-22.9636,-29.675581,-36.123783,-33.007374,-29.841011,-25.232883,0.18919069,0.07473739,0.15119949,0.35770378,0.14592762,0.13293585,0.1348149,0.3983282,0.3304806,0.08913253,0.053968355,0.072671406
IPFI1_Lead_124_Am_Synth-124BPM-A minor-BANDLAB.wav,123.046875,0.1315218855416042,0.042179182,1816.4128864597728,2954.875235721983,-426.74387,53.348927,-91.01839,-33.683167,-25.457169,-15.2737,8.562333,20.977425,29.252922,12.3665085,-34.621826,-30.140303,19.698944,0.2959283,0.08487043,0.089978285,0.075956665,0.113896534,0.040023725,0.05360937,0.07369083,0.15740536,0.4948309,0.16229948,0.40548748
IPFI1_LfoLead_124_Em_Synth-124BPM-E minor-BANDLAB.wav,123.046875,0.03647541463643179,0.07403539,779.6344090765426,1445.856124672039,-336.79108,168.21425,23.092348,23.149609,7.6208434,1.6691946,-8.507099,-8.043877,-13.06502,-13.707861,-14.498489,-12.642321,-13.031434,0.26400945,0.18900496,0.2820625,0.2073855,0.22462682,0.17246914,0.3102268,0.71518123,0.4843903,0.40339023,0.2687134,0.30917817
IPFI1_LostInside_128_Am_Keys-128BPM-A minor-BANDLAB.wav,129.19921875,0.1077490737757732,0.038549706,1274.2482854561847,1799.065822326031,-466.26553,71.48362,-55.762802,-54.7307,-23.239021,-13.691489,-17.9792,-13.778618,-3.6269708,4.580867,5.8051887,-3.7897844,-11.628488,0.028380724,0.0176245,0.093247175,0.040065903,0.17830692,0.1822779,0.07247688,0.2864782,0.10973922,0.3749584,0.08673881,0.2018893
IPFI1_Lost_128_Am_EGuitar_01-128BPM-A minor-BANDLAB.wav,129.19921875,0.04288921552835052,0.08326595,577.6255722203828,869.94140625,-406.79907,162.53508,11.894811,-22.226856,-11.181646,-17.210365,-17.631247,-16.123734,-23.423817,-26.348291,-18.628202,-14.9565325,-19.38069,0.2375687,0.055550016,0.015660739,0.05080501,0.19310664,0.21068329,0.14493611,0.31395996,0.20739271,0.33626044,0.16071992,0.2599133
IPFI1_Lost_128_Am_EGuitar_02-128BPM-A minor-BANDLAB.wav,129.19921875,0.048195876288659796,0.038710903,746.7865570281549,1262.778068621134,-414.0165,157.94942,-5.253133,2.9307864,9.885007,-10.166123,-11.367544,-11.973329,-13.084496,-14.713204,-23.93084,-26.131258,-16.301544,0.57250375,0.28643242,0.18110663,0.17191903,0.273218,0.19436704,0.15102302,0.17855333,0.19516273,0.3702059,0.40585876,0.66772217
IPFI1_Lost_128_Am_EGuitar_03-128BPM-A minor-BANDLAB.wav,129.19921875,0.04721830702319588,0.076469235,534.3457020884557,704.4687298646908,-442.79407,163.1169,64.31495,-16.992126,-49.69128,-51.180332,-45.07526,-37.019184,-25.51294,-13.92851,-7.969786,-9.837484,-16.24959,0.39152166,0.17967649,0.2974008,0.16986881,0.3993706,0.15224129,0.2607872,0.27184954,0.121823825,0.1830771,0.16018546,0.3795689
IPFI1_Lost_128_Am_Keys-128BPM-A minor-BANDLAB.wav,129.19921875,0.054339159149484534,0.07479038,645.1664526822917,921.4213011436856,-445.03647,166.69409,29.00993,-53.345783,-63.432194,-47.00291,-34.743984,-31.99701,-32.7639,-30.736784,-23.913536,-13.638352,-2.687129,0.31773618,0.07043787,0.1252591,0.09954732,0.3759481,0.25650856,0.119681194,0.36271754,0.16748127,0.41794908,0.13744944,0.34385547
IPFI1_Mandolin_100_E_Synth-100BPM-E major-BANDLAB.wav,135.99917763157896,0.09811622509057971,0.094795,1828.4368571370371,3437.5106148097825,-240.0701,79.80851,-42.69372,10.2316885,-38.434452,-31.499329,-18.53107,-4.593265,-11.7520895,-16.549864,-14.193763,-5.457057,-20.239923,0.043733116,0.009744649,0.014528154,0.08486427,0.481126,0.10346145,0.043816816,0.11112072,0.67788345,0.22923133,0.060136393,0.21964467
IPFI1_Muted_128_Am_Guitar-128BPM-A minor-BANDLAB.wav,129.19921875,0.021450144974226804,0.0647058,389.35170757178076,583.2390161887887,-435.07996,169.83624,42.767616,19.565327,16.561642,-5.0869884,-2.219912,11.483841,8.642995,-3.2945352,-12.0120325,-19.541803,-27.410948,0.30669186,0.14583479,0.124830395,0.14283963,0.2818399,0.3436927,0.25114885,0.3213354,0.2856213,0.30209422,0.23504986,0.30658668
IPFI1_PianoSolo_128_Am_Synth-128BPM-A minor-BANDLAB.wav,129.19921875,0.09800559761597938,0.053795084,1190.1443337166254,1604.9340065238403,-470.40225,76.3231,-48.66311,-55.832043,-26.654055,-10.047022,-13.610359,-14.794715,-13.202641,-11.6470585,-0.8752839,15.579721,14.062798,0.29202357,0.072995804,0.1505217,0.064822696,0.29084736,0.2914397,0.072533645,0.20129348,0.03640245,0.0007260874,0.005403294,0.072835155
IPFI1_PitchedLead_105_Bb_Synth-105BPM-B♭ major-BANDLAB.wav,103.359375,0.10764866552982233,0.10333999,2212.1523536620884,3840.4385794237787,-318.27014,11.900433,-98.141785,-58.821354,-43.59655,4.048352,19.00645,17.071867,-4.347308,-7.5797615,-6.78455,-3.5768497,-8.697596,0.14573602,0.09788,0.27770835,0.06651709,0.061992932,0.27159005,0.05531683,0.005589628,0.03414578,0.22098792,0.27818266,0.08823776
IPFI1_PitchedSolo_105_Bb_Synth-105BPM-B♭ major-BANDLAB.wav,103.359375,0.08439024329790609,0.10552413,1859.744051419666,3452.5130063749207,-240.70186,73.460365,-62.34841,-19.236809,-29.472874,-15.09521,-16.519844,-10.381465,-20.786156,-12.954451,-15.235711,-8.170422,-13.00632,0.19966292,0.11760983,0.25772175,0.265786,0.12783231,0.21436784,0.109227836,0.2010597,0.10762364,0.24008502,0.25443724,0.11572359
IPFI1_Plucked_145_Bbm_Bass-145BPM-B♭ minor-BANDLAB.wav,143.5546875,0.005908886035839161,0.20018049,258.02657334820367,455.5100661057692,-355.5837,159.46654,41.386063,32.40304,28.709455,23.007587,16.981918,10.09376,9.658713,10.038911,11.188874,12.2827635,9.373909,0.54089683,0.489291,0.4505375,0.48061568,0.5415097,0.60183275,0.6219238,0.6957798,0.8114563,0.86023486,0.74185115,0.6126588
IPFI1_Plucks_105_Bb_Synth-105BPM-B♭ major-BANDLAB.wav,103.359375,0.03547412852950508,0.06497504,676.829443550096,1144.047058415292,-294.96997,214.96133,-10.803729,9.845704,9.11062,-5.9399,-4.4733596,-9.175513,-9.340763,-6.914499,-6.0529995,-7.379727,-8.015074,0.5140339,0.27237394,0.1978671,0.17355631,0.17294092,0.4391696,0.2540372,0.34543195,0.18600975,0.25138715,0.6045646,0.3896422
IPFI1_Row_124_Bbm_Bass-124BPM-B♭ minor-BANDLAB.wav,123.046875,0.00862678938997006,0.16458951,119.55244388812555,145.54253309786677,-442.8893,146.2389,96.89006,56.629234,38.97657,33.343403,27.36103,19.054869,12.26639,9.110125,8.190981,7.4904456,6.6750546,0.33979744,0.26194543,0.19612478,0.16683792,0.28700125,0.44142693,0.4798462,0.54693085,0.5915052,0.6515426,0.5304903,0.41922408
IPFI1_Sad_89_Eb_Keys_01-89BPM-E♭ major-BANDLAB.wav,89.10290948275862,0.030386319724462367,0.04281913,436.0449430146348,591.1211567540323,-455.4582,171.03464,77.78599,22.164978,-6.132601,-15.700057,-10.810471,-4.569089,-6.533265,-15.372423,-20.298563,-18.169085,-15.127425,0.057517137,0.08841716,0.42325437,0.65540594,0.18479936,0.09602513,0.14379086,0.4040421,0.1377937,0.13938987,0.30216417,0.199966
IPFI1_Sad_89_Eb_Keys_02-89BPM-E♭ major-BANDLAB.wav,89.10290948275862,0.032384597614247314,0.047127515,459.3113493102408,633.9097152217741,-437.79193,174.35602,70.48302,14.71911,-8.883977,-17.142483,-12.431362,-5.1480975,-5.18687,-13.251177,-19.565308,-19.610033,-17.814419,0.052287858,0.076110676,0.35120863,0.5361041,0.17349942,0.19596568,0.18152459,0.4653452,0.20404771,0.12721866,0.23228942,0.17155483
IPFI1_Sad_89_Eb_Keys_03-89BPM-E♭ major-BANDLAB.wav,89.10290948275862,0.038837260584677416,0.054384664,552.4882790495877,740.4874936995968,-387.31607,188.3723,55.233074,9.59182,-10.406853,-22.961958,-17.84948,-6.9875674,-3.6101582,-10.569314,-16.353102,-12.747642,-7.273152,0.06817774,0.09702193,0.4014307,0.38306096,0.14767735,0.26560068,0.20971762,0.43079782,0.1886786,0.13145612,0.3728275,0.18087476
IPFI1_Sad_89_Eb_Keys_04-89BPM-E♭ major-BANDLAB.wav,89.10290948275862,0.03460286458333333,0.06405813,469.8205551388582,611.982894405242,-410.7631,181.72217,70.01119,13.266296,-8.318907,-17.843952,-16.025986,-8.659543,-7.8468065,-15.196249,-20.049852,-18.580505,-15.274987,0.052097555,0.060289536,0.20395517,0.24602517,0.17219386,0.46076974,0.26339862,0.4477472,0.20947908,0.089663625,0.18439133,0.13328916
IPFI1_Sub_128_Am_Bass_01-128BPM-A minor-BANDLAB.wav,123.046875,0.005240214239690721,0.2643009,96.99104036293652,164.58470924613403,-436.27933,137.7048,115.73407,86.32669,57.04516,33.76617,18.990032,11.875835,9.616414,9.215689,8.749498,7.6639285,6.279094,0.18315652,0.17128639,0.23159479,0.35526404,0.543784,0.6264995,0.5706338,0.5765626,0.5750786,0.52931637,0.37915516,0.25610784
IPFI1_Sub_128_Am_Bass_02-128BPM-A minor-BANDLAB.wav,129.19921875,0.009169619845360825,0.19571993,112.65483720812293,152.13097011920104,-456.65375,126.841095,104.200516,76.38019,51.71193,34.370667,24.101059,18.377428,14.746084,11.943073,9.720668,8.143214,7.107866,0.3743358,0.2553867,0.25180796,0.3257737,0.49338382,0.5358028,0.52320564,0.5107623,0.51082015,0.48655427,0.48914182,0.46352464
IPFI1_SynthBassline_179_Cm_Bass-179BPM-C minor-BANDLAB.wav,89.10290948275862,0.015176351968344156,0.13256574,475.9881228313622,904.0216619318181,-282.3063,191.0048,11.0773325,22.766918,30.336178,6.963765,8.624937,8.528907,4.9160905,4.66779,3.8754656,2.177321,3.0797672,0.44899637,0.37828523,0.35833496,0.3605225,0.36741215,0.3662492,0.36569867,0.46633175,0.40805614,0.3457658,0.3392341,0.3630837
IPFI1_Synth_120_Fm_Arp-120BPM-F minor-BANDLAB.wav,143.5546875,0.07485422327898551,0.094618134,1284.4575884834944,2110.3475288722825,-245.85997,135.02911,-58.717865,-17.976013,-28.468739,-17.744452,-27.344114,-22.90926,-31.42187,-25.03229,-24.574308,-19.434242,-21.51261,0.674448,0.23640053,0.13839191,0.23723237,0.13752267,0.1458521,0.14975692,0.3281274,0.45824465,0.28907883,0.1187084,0.23235272
IPFI1_Synth_145_C#_EGuitar_01-145BPM-C♯ major-BANDLAB.wav,95.703125,0.0671369645979021,0.08961215,1279.9156488367769,2447.2937097082604,-226.3059,174.30005,-88.388374,34.57377,-5.7694354,-16.315434,-6.87928,-23.505938,-1.2001114,-17.916182,-22.91468,-10.675932,-22.063484,0.38290352,0.6234137,0.4563802,0.3278095,0.24568827,0.2473526,0.2645577,0.26231313,0.5759781,0.37182462,0.27250835,0.24862806
IPFI1_Synth_145_C#_EGuitar_02-145BPM-C♯ major-BANDLAB.wav,95.703125,0.06237366149475525,0.08649087,1234.3928701124978,2337.745421082823,-289.602,129.34157,-85.35235,14.026054,-13.123726,-30.145802,-25.535181,-34.019634,-22.068722,-33.87511,-30.325985,-17.913305,-22.336134,0.48770905,0.6024628,0.24221724,0.21485628,0.115815274,0.1385679,0.1642835,0.16426055,0.51374406,0.20377254,0.052044906,0.11171413
IPFI1_TonPlucks_145_C#_Synth-145BPM-C♯ major-BANDLAB.wav,143.5546875,0.03303239729020979,0.04453775,539.4488948007886,823.8708922913024,-388.83374,225.0401,21.628023,-5.2821603,4.4927325,-7.4930763,-19.033833,-11.887473,-17.983894,-18.077465,-15.910926,-12.823955,-8.033619,0.21231924,0.44297302,0.2575453,0.28464895,0.20886391,0.4120176,0.34652498,0.22709888,0.35019755,0.2722773,0.3755932,0.15844767
IPFI1_ViolinMelo_128_Am_Synth-128BPM-A minor-BANDLAB.wav,117.45383522727273,0.1290904880798969,0.08847333,2037.7999361570025,3780.542294217139,-152.1243,99.68982,-59.300915,51.624237,-24.556456,-9.198118,-6.6265464,-7.512933,-22.827795,-14.653234,-26.246782,-3.7079208,-12.176488,0.4871567,0.19531621,0.2639602,0.18027218,0.48790437,0.35987824,0.18112974,0.24133705,0.1436654,0.23864824,0.18196884,0.5442783
IPFI1_ViolinMelo_128_Am_Synth_01-128BPM-A minor-BANDLAB.wav,129.19921875,0.13734797841494845,0.10761559,2152.748575969906,3783.1173989207473,-195.17279,71.701965,-59.84652,34.025883,-30.332108,-14.168226,-10.036063,-15.686205,-32.997097,-20.003302,-18.970428,-0.93901014,0.86366636,0.24352871,0.11276371,0.21847868,0.15663347,0.33172685,0.18947302,0.1906464,0.3093072,0.1474693,0.2762945,0.12202222,0.30838147
IPFI1_ViolinMelo_128_Am_Synth_02-128BPM-A minor-BANDLAB.wav,117.45383522727273,0.18592944587628865,0.043588318,2414.1733771450567,3942.329906974871,-313.32843,54.475765,-72.60509,26.96443,-35.08791,-33.72899,-20.776997,-23.164429,-29.78395,-20.538723,-32.09675,-12.424992,-14.546381,0.540109,0.17643104,0.33123916,0.16731928,0.44721842,0.23821786,0.24310613,0.36869085,0.1521988,0.33181664,0.1745546,0.51135266
IPFI1_Whoop_124_Am_Synth_01-124BPM-A minor-BANDLAB.wav,112.34714673913044,0.04238836779565868,0.05983885,935.1720362791891,1442.8213153770585,-344.3783,139.99791,-38.484493,-32.832737,-30.144987,-22.794975,-26.885157,-23.684614,-41.92124,-49.455482,-12.567405,-15.840516,-29.221186,0.028814862,0.06443756,0.1671626,0.36184537,0.4962332,0.19376901,0.06855623,0.14950852,0.40869096,0.4576839,0.13352253,0.026473459
IPFI1_Whoop_124_Am_Synth_02-124BPM-A minor-BANDLAB.wav,123.046875,0.12419155828967066,0.02672053,1632.8557841918664,2270.495751660741,-374.00998,100.559296,-104.029915,-24.713858,5.3712554,-11.683578,-21.681173,-15.342162,2.3350146,-4.233228,-12.303684,-8.363652,-8.631178,0.16534157,0.06714916,0.026135154,0.13818905,0.61403155,0.15330479,0.038558766,0.03698868,0.162673,0.47582465,0.16491109,0.3157991
IPFI1_Whoop_124_Am_Synth_03-124BPM-A minor-BANDLAB.wav,123.046875,0.06136116438997006,0.06956203,863.2873407629746,1102.738541471744,-391.15707,132.08195,-12.462962,-37.964592,-24.082726,-38.1757,-35.498165,-8.433824,7.283469,5.9400144,-2.3999443,-8.377956,3.2145014,0.43591028,0.21755333,0.36225915,0.13552973,0.22516845,0.10337041,0.024629034,0.07512935,0.07169947,0.2756142,0.0922558,0.08394221
PLHH_Access_85_Cmin_Keys_4bars-85BPM-C minor-BANDLAB.wav,135.99917763157896,0.041113882828542093,0.05396918,610.2080515898323,981.4188430441478,-398.81665,210.67647,13.555872,-25.1009,5.720011,-5.117177,-20.145956,-16.406597,-15.924311,-16.93839,-12.867029,-5.481221,2.6059792,0.1395379,0.14457133,0.42426842,0.23129542,0.1800704,0.43748587,0.2288333,0.16609204,0.12818944,0.32054198,0.6350512,0.22466543
PLHH_Accident_85_Dmin_Keys_4bars-85BPM-D minor-BANDLAB.wav,123.046875,0.03355805633983573,0.06478995,533.8257259802781,913.2819518416325,-406.027,192.85632,20.960793,-12.655813,13.982434,4.260563,-7.701267,-7.9296794,-13.630374,-5.914029,13.761741,12.276205,-8.319517,0.028741956,0.19711562,0.47452205,0.36752272,0.3940358,0.7735951,0.30541405,0.02105189,0.0018024091,0.0037855415,0.0017957094,0.0032912975
PLHH_Account_85_Fmin_Keys_4bars-85BPM-F minor-BANDLAB.wav,129.19921875,0.05658548030030801,0.06662063,763.5779191696889,1212.3591303580595,-343.82285,228.01726,-26.734844,-32.528778,5.4562664,-21.032734,-18.93914,-8.372931,-8.269342,3.8381608,2.821634,-3.091451,3.7787585,0.55076176,0.2937791,0.18694209,0.55362505,0.24544655,0.38672534,0.14702742,0.12992066,0.5922312,0.1658718,0.14017954,0.14867182
PLHH_Action_80_Amin_Pad_4bars-80BPM-A minor-BANDLAB.wav,129.19921875,0.10109499667553191,0.057768874,1051.1522312536736,1951.587102952732,-303.91364,203.57547,-32.19827,23.567198,12.781831,-2.3106647,6.1792946,-3.2950616,-1.4948984,-0.6455768,-6.9530334,-5.2194977,0.14407785,0.4577384,0.22481227,0.326033,0.22306769,0.42343315,0.21255842,0.26664308,0.33415627,0.18103646,0.28898627,0.23754433,0.3805613
PLHH_Afford_85_Amaj_Keys_4bars-85BPM-A major-BANDLAB.wav,123.046875,0.05369389277464066,0.06690591,714.2875748012166,1154.7014365695586,-344.507,236.41731,-19.021307,-23.822142,9.847789,-16.545565,-14.324968,-6.6144485,-12.731952,-10.363248,-3.5780044,5.8115325,9.747115,0.28495878,0.5552424,0.16480204,0.32593432,0.4341614,0.0894831,0.08217795,0.18603821,0.5722734,0.27519113,0.27488092,0.49318033
PLHH_Alien_85_Bbmin_Keys_4bars-85BPM-B♭ minor-BANDLAB.wav,117.45383522727273,0.044970001283367554,0.067433946,639.5649027584149,1045.907912362038,-352.96497,233.52248,-2.460933,-29.957333,11.044125,-11.249232,-25.786089,-14.400045,-17.022528,-21.012041,-10.509309,2.4286106,5.8403993,0.4465311,0.4435275,0.19158374,0.3824098,0.13528511,0.17208469,0.032482352,0.17422386,0.5898209,0.3217246,0.51374805,0.24608818
PLHH_Amount_80_Amaj_Pad_4bars-80BPM-A major-BANDLAB.wav,135.99917763157896,0.17659914470502902,0.055549186,1983.9162327042932,3778.3274431062623,-231.92003,138.92743,-53.49986,26.061699,-13.39398,19.264277,-10.795815,-9.020681,-6.756534,-2.1039658,-10.195794,-8.632002,-6.372658,0.31696814,0.44267112,0.2297881,0.2084839,0.32619512,0.21934512,0.3941359,0.22889356,0.36472586,0.297281,0.26745343,0.31905463
PLHH_Available_85_Dmin_Keys_4bars-85BPM-D minor-BANDLAB.wav,117.45383522727273,0.03998893095482546,0.053951036,562.7877976339149,933.0686220642967,-393.1474,234.90346,20.23068,-26.60676,9.082254,-1.6483506,-19.610245,-11.571202,-9.525476,-16.96768,-17.602978,-10.575073,-1.7931973,0.7754793,0.29972497,0.31680313,0.17688173,0.18524231,0.15888755,0.15631051,0.46053228,0.27994585,0.3825688,0.131116,0.3082975
PLHH_Back_85_Bmaj_Keys_4bars-85BPM-B major-BANDLAB.wav,123.046875,0.03269679639373717,0.049262945,477.8553478272227,785.1218096284651,-413.0776,212.3946,47.855175,-22.015577,-5.5664597,5.698024,-6.896879,-15.962141,-16.581396,-16.41654,-16.320538,-15.378186,-13.810018,0.14952332,0.21808237,0.1660685,0.25832087,0.21136782,0.48575425,0.42436135,0.13419084,0.025063928,0.16883309,0.67251235,0.32361144
PLHH_Bars_85_Amin_Keys_4bars-85BPM-A minor-BANDLAB.wav,143.5546875,0.0316731102412731,0.054095086,507.3343024388675,833.0519783912988,-406.69424,232.3237,29.018152,-22.447681,7.2500987,1.728777,-14.292365,-12.48402,-12.7398205,-17.95509,-18.443554,-12.782329,-4.0583444,0.46523765,0.37885943,0.5922578,0.3297801,0.113308065,0.2370687,0.098877765,0.2105261,0.22828221,0.47064152,0.28044313,0.38767394
PLHH_Basically_85_Fmin_Keys_4bars-85BPM-F minor-BANDLAB.wav,123.046875,0.07064537345995893,0.063991584,874.0194746155296,1278.0641403041582,-361.87326,210.42316,-30.581146,-21.709959,-7.484154,-28.594933,-10.13649,-9.03987,-10.381661,-3.430747,-9.958814,-12.458752,-10.786892,0.68237287,0.28194174,0.05668723,0.06076109,0.13404018,0.5338691,0.13051724,0.08357584,0.41492122,0.11139419,0.004201926,0.11489871
PLHH_Birthday_85_F#m_Keys_4bars-85BPM-F♯ minor-BANDLAB.wav,129.19921875,0.0521267806724846,0.06743109,711.6350462980054,1156.0942412891427,-347.77264,232.18692,-18.86686,-22.907986,8.695167,-20.13164,-18.195595,-9.434819,-8.569337,2.5206873,0.81495833,-6.675904,-5.9092417,0.19579886,0.4779345,0.21161956,0.25813788,0.5739763,0.20527273,0.14888665,0.12939261,0.4125654,0.3016855,0.1071177,0.25338435
PLHH_Blew_80_Bbmin_Strings_4bars-80BPM-B♭ minor-BANDLAB.wav,117.45383522727273,0.08574105415860735,0.094715685,1875.0698554089654,3664.3930579061894,-110.95846,111.022026,-41.52553,28.49065,-9.9209385,2.8256345,-11.540944,-4.55986,-14.131455,-6.0830665,-11.8095455,-5.0247517,-13.510721,0.46020466,0.5597983,0.26412326,0.46059316,0.28753695,0.59532607,0.34857583,0.21842419,0.3734952,0.19341588,0.29608268,0.16329767
PLHH_Brand_80_Amaj_Pad_4bars-80BPM-A major-BANDLAB.wav,129.19921875,0.17594747340425532,0.063517645,2022.3547943359533,3894.7400209290377,-211.92517,141.6985,-51.71349,38.169025,-6.408974,4.1787233,-7.20293,-3.1554472,-1.3818653,-2.2446005,-0.81684107,-1.0523224,-12.172703,0.21906692,0.3160543,0.21534061,0.3688359,0.47781894,0.2582724,0.20213151,0.19553822,0.48236147,0.40292755,0.23559122,0.4049369
PLHH_Brew_85_C#_Keys_4bars-85BPM-C♯ major-BANDLAB.wav,129.19921875,0.038671473947638604,0.048703704,556.9142675210963,930.1724725680185,-429.64044,216.68243,18.604908,-17.662844,13.329356,-2.5509813,-20.889019,-15.460496,-13.198418,-12.862918,-4.054262,3.9133155,0.75039965,0.17662439,0.50677097,0.29964593,0.35621426,0.2169189,0.42570183,0.21376735,0.075452246,0.36179432,0.1807385,0.010702851,0.029386219
PLHH_Choice_85_C#m_Keys_4bars-85BPM-C♯ minor-BANDLAB.wav,129.19921875,0.04114696964835729,0.056774624,596.1644738372376,1011.3973065323408,-374.33447,231.38588,10.83664,-22.572569,15.173852,-2.138868,-19.56558,-14.062196,-16.645866,-19.692738,-12.33976,-4.7420173,-2.928734,0.15957963,0.13083242,0.3390815,0.7833589,0.2955749,0.06702607,0.10635517,0.12994619,0.38926196,0.12556292,0.1689281,0.52048105
PLHH_Claim_85_C#m_Keys_4bars-85BPM-C♯ minor-BANDLAB.wav,135.99917763157896,0.04345602861909651,0.065200545,592.9456698705789,908.7940255229723,-386.5574,213.61557,7.573165,-7.6284633,15.555307,-7.8630934,-9.055493,-5.383236,-10.850958,-3.7173638,-6.6382113,-18.645931,-18.162422,0.13506976,0.33182034,0.08321618,0.035332795,0.16798607,0.29596934,0.11961887,0.34177127,0.90682536,0.16910888,0.00592786,0.019035297
PLHH_Come_85_Amaj_Keys_4bars-85BPM-A major-BANDLAB.wav,129.19921875,0.048455146303901436,0.046762206,697.8457270507171,1144.5538593268736,-406.27966,211.49847,-11.304698,-32.240566,9.941115,-17.152412,-36.87018,-22.066591,-16.93729,-13.580084,2.3020232,11.951944,7.1575775,0.2384591,0.75119644,0.18318129,0.21309388,0.5409532,0.1623078,0.16083874,0.0503058,0.25477636,0.5790184,0.12574871,0.010933492
PLHH_Connect_80_G#m_Pad_4bars-80BPM-G♯ minor-BANDLAB.wav,123.046875,0.13144021246373308,0.06976443,1454.0431490026476,2877.494012179642,-241.17151,174.93779,-35.327114,20.700323,-12.967756,8.063846,0.26270735,-2.3818076,-6.001248,4.4722805,-4.2585545,-8.267372,-1.3993433,0.24358262,0.29395202,0.21436264,0.45840016,0.29698917,0.22778302,0.36016208,0.29082033,0.470501,0.28092718,0.3047944,0.34903947
PLHH_Create_80_F#m_Pad_4bars-80BPM-F♯ minor-BANDLAB.wav,117.45383522727273,0.04668044306092843,0.040680762,496.90760163922505,779.8809708202369,-441.59625,236.74913,71.73183,-15.299038,-17.178804,-5.1456165,-5.413662,-8.086178,-7.396779,-4.2230964,-2.91046,-5.66922,-7.8218026,0.24136786,0.5634139,0.2736617,0.18108313,0.31563383,0.23865089,0.30250418,0.16990224,0.37130514,0.3977375,0.2342742,0.19713825
PLHH_Decide_85_Fmaj_Keys_4bars-85BPM-F major-BANDLAB.wav,123.046875,0.04637468717915811,0.06918444,655.6283653713028,1077.433936649769,-358.83484,233.54585,-5.798378,-28.746752,15.121497,-11.109849,-28.157473,-14.646316,-13.4197035,-15.732899,-12.58241,-8.693581,0.128982,0.6574908,0.13876885,0.009699442,0.18777038,0.63003653,0.31556538,0.11637225,0.07819918,0.20210335,0.59589714,0.16136767,0.21830493
PLHH_Deep_80_Fmaj_Strings_4bars-80BPM-F major-BANDLAB.wav,123.046875,0.08108963219294003,0.089552075,1887.2889791260734,3698.296398996615,-130.78877,100.10664,-45.40494,29.402872,-7.100174,5.2342114,-12.108398,-7.5139823,-17.325766,-8.532246,-12.095223,-4.8281465,-12.952944,0.1745769,0.09934587,0.16761638,0.28644472,0.8935301,0.45695934,0.30815774,0.33129185,0.21703376,0.20667882,0.13230288,0.41223273
PLHH_Deposit_85_Ebmaj_Keys_4bars-85BPM-E♭ major-BANDLAB.wav,129.19921875,0.04272611332135524,0.060665276,618.9920467528741,1011.7289267036705,-381.0319,233.01161,2.3390741,-36.600235,6.881061,-7.3206635,-28.30994,-21.663452,-17.877073,-17.823254,-14.057468,-9.426031,-2.5861225,0.30124992,0.19575518,0.39254782,0.21673909,0.15442325,0.3904094,0.2696003,0.25763318,0.30578038,0.42608625,0.512812,0.20322321
PLHH_Difference_80_C#m_Strings_4bars-80BPM-C♯ minor-BANDLAB.wav,129.19921875,0.09321544064313346,0.08593249,1887.3265102785022,3654.7301891924567,-129.25919,112.25308,-44.263412,28.262709,-11.380197,2.1512308,-13.111907,-5.215571,-12.974339,-5.222982,-11.883143,-5.611896,-12.100315,0.2124879,0.4332016,0.31314373,0.41928166,0.60509306,0.29810882,0.74471396,0.21403493,0.23294957,0.22635715,0.2087763,0.41309404
PLHH_Direction_80_Ebmaj_Pad_4bars-80BPM-E♭ major-BANDLAB.wav,123.046875,0.1161042145188588,0.07151107,1206.5319940936886,2228.3533210680607,-263.47958,203.11414,-32.7585,28.198696,2.4401407,3.8646,4.6535897,0.29916856,1.7996031,3.1744292,-2.646674,-2.4176207,-1.944613,0.3258383,0.3005201,0.4024205,0.37526584,0.23754023,0.32256526,0.25382504,0.41202173,0.3062173,0.36131692,0.51578605,0.30350545
PLHH_Distressed_85_Emin_Keys_4bars-85BPM-E minor-BANDLAB.wav,129.19921875,0.04852533046714579,0.043313615,661.1246787059897,1114.7301519186344,-411.1444,208.20633,8.6900625,-28.462885,4.9397206,-5.22131,-19.347885,-16.380278,-17.654285,-11.8212385,4.4613976,9.030925,0.7513747,0.2218502,0.18652686,0.48196757,0.23801479,0.5281322,0.17151088,0.055956937,0.19376954,0.05617921,0.0061988276,0.11013959,0.43219823
PLHH_Down_100_Amaj_Keys_8bars-100BPM-A major-BANDLAB.wav,123.046875,0.03369258709945586,0.051392507,493.88505527039075,809.3307771878779,-403.88297,235.94923,36.122246,-24.592333,4.621376,4.5147223,-12.908943,-13.433431,-13.992672,-19.064497,-16.274796,-8.661637,-5.3094473,0.3304053,0.27954322,0.22906105,0.41417718,0.40399623,0.21394312,0.3533084,0.15136856,0.19055507,0.20826247,0.3338284,0.8475289
PLHH_Epic_80_Fmin_Strings_4bars-80BPM-F minor-BANDLAB.wav,123.046875,0.08641444783607351,0.09755043,1854.2036609382105,3633.613489029255,-106.527916,112.79923,-41.682953,29.053684,-9.719102,2.5408316,-10.581618,-0.093254924,-8.842324,-3.8011446,-14.170753,-9.468646,-15.809988,0.29770258,0.43735427,0.43111566,0.47327745,0.31865743,0.7251859,0.5292374,0.22575022,0.27851942,0.2505386,0.45229334,0.27120823
PLHH_Equal_80_Ebmaj_Strings_4bars-80BPM-E♭ major-BANDLAB.wav,123.046875,0.09203393224129594,0.09771203,1918.2565175095601,3736.4897205935686,-111.05966,104.31675,-42.711754,28.846205,-10.007566,0.64248914,-13.893387,-4.077791,-13.410851,-8.2342615,-15.685141,-10.24343,-15.554798,0.3414523,0.27028105,0.69444674,0.31439462,0.27655283,0.713868,0.30554405,0.4071439,0.1800751,0.3470475,0.32697275,0.17868188
PLHH_Example_85_Emin_Keys_4bars-85BPM-E minor-BANDLAB.wav,129.19921875,0.03861131609342916,0.04710077,597.6626073128708,959.2887236107546,-427.75516,198.83652,16.06684,-28.796936,-0.40193447,-5.306204,-18.99597,-15.385364,-13.038774,-12.316934,-8.582426,-8.745553,-8.438282,0.21540885,0.06152038,0.005950773,0.09917571,0.57794654,0.50588346,0.21094684,0.117050916,0.10838313,0.3538834,0.21669325,0.30865493
PLHH_Fall_80_Fmaj_Strings_4bars-80BPM-F major-BANDLAB.wav,123.046875,0.08094702006769826,0.09140565,1827.8065195772906,3572.8873571989843,-118.764206,111.995514,-44.81868,27.997757,-8.497208,5.132662,-9.535484,-1.6234348,-10.2875395,-3.1584246,-12.008629,-7.6649675,-14.330287,0.64210314,0.26488906,0.19257551,0.2912803,0.75880456,0.51977074,0.3225941,0.3868365,0.2902237,0.18452573,0.19669455,0.49675983
PLHH_Fast_80_Cmin_Strings_4bars-80BPM-C minor-BANDLAB.wav,123.046875,0.0966022425048356,0.09208374,1937.982533572106,3750.9840236641685,-107.159195,108.40826,-41.47776,31.440763,-5.755801,4.590331,-11.640637,-2.4707627,-11.089524,-3.5716097,-11.650989,-6.657402,-11.194178,0.21219856,0.21601398,0.66837096,0.6448563,0.26873812,0.22220948,0.22115222,0.69818807,0.21959813,0.22654313,0.49246478,0.25021392
PLHH_Fear_85_Cmaj_Keys_4bars-85BPM-C major-BANDLAB.wav,123.046875,0.03933321034394251,0.052102476,602.3259843472978,1014.9124803484343,-393.8199,223.48897,8.862952,-30.103489,9.771799,-1.2884188,-22.56331,-20.330307,-17.413124,-16.251595,-11.789516,-8.778035,-6.4219313,0.45603824,0.16125883,0.028394537,0.086730175,0.5097019,0.5324316,0.23850982,0.27194968,0.15938719,0.21040584,0.14637645,0.46213475
PLHH_Fluke_80_F#_Strings_4bars-80BPM-F♯ major-BANDLAB.wav,123.046875,0.0744255848041586,0.07039162,1827.0435715091783,3577.8853927405708,-147.51155,108.8198,-44.99184,28.43323,-8.476465,4.566647,-9.314134,-1.9520688,-13.174995,-6.433532,-13.059846,-5.9452896,-11.921418,0.4848744,0.63665783,0.29755005,0.2595724,0.28597033,0.5273634,0.31854907,0.24594383,0.34499457,0.24637382,0.5264221,0.2474117
PLHH_Foreign_85_F#m_Keys_4bars-85BPM-F♯ minor-BANDLAB.wav,117.45383522727273,0.04061657790041068,0.06748805,571.7909263841257,895.4186786126796,-382.70712,222.99586,13.773698,-18.436,11.34219,-8.516626,-22.191145,-16.773668,-18.872269,-12.331955,0.9845379,-3.582346,-17.879135,0.13042532,0.28248936,0.06500314,0.17525624,0.5963142,0.23714997,0.231343,0.30198666,0.7987813,0.36829233,0.077375524,0.011881496
PLHH_Freedom_80_D#m_Pad_4bars-80BPM-D♯ minor-BANDLAB.wav,123.046875,0.18670571657398452,0.06245189,2072.961733490752,3941.5549538352275,-216.15863,130.65991,-42.639816,33.817425,-16.863348,9.4205885,-12.614241,-1.3219537,-13.826619,-8.033239,-7.1545362,-5.604289,-10.365329,0.24030598,0.5323636,0.2226615,0.4076362,0.18837944,0.24120794,0.51748616,0.23003213,0.35832793,0.17427301,0.3483611,0.19793168
PLHH_Free_80_Bbmin_Pad_4bars-80BPM-B♭ minor-BANDLAB.wav,123.046875,0.12008413170938105,0.06269198,1305.3036322514731,2440.37415377176,-277.077,179.44977,-33.7448,34.484066,0.93049216,8.211355,8.487913,-3.1679866,-1.5620431,-5.268772,-5.662453,-0.81923556,-4.4990687,0.37779462,0.42610398,0.28629014,0.25348926,0.19611281,0.39079633,0.2555625,0.27381808,0.4534906,0.28055048,0.38751206,0.26815063
PLHH_Glory_85_Dmin_Keys_4bars-85BPM-D minor-BANDLAB.wav,129.19921875,0.04132142742556468,0.064215235,604.7782009729051,1023.1366605974076,-378.38083,230.04605,1.9706044,-30.732836,14.789888,-3.1576931,-23.703825,-12.607037,-12.335702,-21.565296,-18.76768,-5.3777623,8.892923,0.6148488,0.2907523,0.43350708,0.17358351,0.18555337,0.25585568,0.0965797,0.072453484,0.20059378,0.46765342,0.17491408,0.36459655
PLHH_Happens_85_Gmin_Keys_4bars-85BPM-G minor-BANDLAB.wav,123.046875,0.046496005518480495,0.058220264,639.9176269788712,1020.4173751925051,-382.56506,225.02666,0.35337526,-34.31363,2.7874372,-12.730468,-24.349443,-14.849146,-18.678331,-23.69987,-14.078603,0.14596476,6.225159,0.2643069,0.23576948,0.71711534,0.27604073,0.11615285,0.20332775,0.12188108,0.25145695,0.24972127,0.56107897,0.4503242,0.15138182
PLHH_Harder_85_Dmaj_Keys_4bars-85BPM-D major-BANDLAB.wav,129.19921875,0.047285076039527724,0.06243826,685.348434759784,1115.747120444045,-371.21295,223.3424,-14.677215,-26.718513,10.6114645,-16.435322,-24.461475,-15.560671,-15.279965,-5.073183,1.9178728,-2.5027215,-1.7953835,0.16445453,0.5510111,0.67017704,0.15979737,0.023877522,0.17371063,0.587902,0.39759052,0.18171181,0.1645083,0.12005022,0.27445188
PLHH_Hey_85_C#_Keys_4bars-85BPM-C♯ major-BANDLAB.wav,129.19921875,0.04662033175051335,0.054753717,636.0056724004934,1106.2848915554414,-408.37485,208.452,9.800695,-18.962297,13.516605,-1.9913714,-11.396218,-4.949234,-14.402109,-17.854912,-1.5957763,13.445669,15.286257,0.48309702,0.3150227,0.17938934,0.5815882,0.22707634,0.20858918,0.11858534,0.015490147,0.0034066131,0.021383084,0.13464552,0.1412813
PLHH_Hole_85_Cmin_Keys_4bars-85BPM-C minor-BANDLAB.wav,123.046875,0.04661231070328542,0.06642547,647.2486877264355,1061.0297921746662,-368.75558,233.01057,0.89658844,-36.058907,3.7704701,-14.890818,-32.871754,-23.71667,-23.643173,-24.074327,-12.349781,-2.8621523,-2.6877167,0.33702958,0.21308032,0.5900918,0.49354398,0.16664281,0.23457395,0.0906046,0.23491,0.42550907,0.17919996,0.15354757,0.14335719
PLHH_Hoop_85_Dmin_Keys_4bars-85BPM-D minor-BANDLAB.wav,123.046875,0.042540626604209444,0.05748391,623.8098370172919,1022.097584060575,-379.13257,217.26402,3.5355356,-35.945824,9.143462,0.08380728,-23.476732,-19.360811,-17.699804,-24.209293,-19.437584,-3.4875133,9.488938,0.6195885,0.36567742,0.59807646,0.1805338,0.08864386,0.1716342,0.08834344,0.124270774,0.19837475,0.54348737,0.39002845,0.24219066
PLHH_Hurt_85_D#m_Keys_4bars-85BPM-D♯ minor-BANDLAB.wav,129.19921875,0.049952074242813144,0.04353606,726.1017034880191,1151.0093986620893,-411.00232,195.8457,-5.4228234,-32.240734,0.98829365,-14.671977,-23.76383,-14.640588,-13.042754,-5.4925876,3.4978058,0.9174584,1.2077605,0.082269505,0.3255911,0.18414761,0.33207023,0.13868324,0.063591644,0.2814006,0.08635935,0.0055892924,0.14493094,0.8207057,0.3123488
PLHH_Know_100_D#m_Keys_8bars-100BPM-D♯ minor-BANDLAB.wav,129.19921875,0.058973983524788394,0.08331498,771.9943967926315,1186.0576809533707,-307.72504,241.53816,-30.740005,-24.941105,-0.27218527,-33.503155,-20.157463,-12.906705,-16.901062,-6.9932466,-12.250163,-15.090893,-6.1982846,0.14971946,0.3055745,0.18133438,0.3412239,0.11504561,0.25494167,0.49063843,0.17807885,0.2852747,0.25754353,0.72946066,0.45049486
PLHH_Life_80_Dmin_Pad_4bars-80BPM-D minor-BANDLAB.wav,123.046875,0.20737597467359767,0.064390585,2638.1227761514115,5402.459917492746,-172.61548,99.02966,-13.123072,17.643774,-14.117848,11.858573,-9.229169,-7.769194,-6.7154217,-0.18159458,-6.3335605,-3.1739547,-4.5600915,0.39332706,0.25465128,0.5229159,0.20150878,0.2965042,0.41939655,0.26336306,0.27586418,0.25365797,0.51282316,0.394646,0.23595236
PLHH_Like_85_Fmin_Keys_4bars-85BPM-F minor-BANDLAB.wav,123.046875,0.03272286479722793,0.06769498,474.4505381483693,766.7058361139631,-383.419,244.84508,41.050186,-27.12117,2.8875966,8.072603,-12.811594,-18.989252,-14.746482,-11.3465,-9.699774,-13.33432,-18.23832,0.3411932,0.30428687,0.2503907,0.37825263,0.19865163,0.30679944,0.1551157,0.51630056,0.7171589,0.28231913,0.23714028,0.18674035
PLHH_Lists_80_Amaj_Strings_4bars-80BPM-A major-BANDLAB.wav,129.19921875,0.09020736369680851,0.092972174,1981.918738073777,3847.1545575435202,-128.33867,90.70023,-50.524662,23.659023,-14.381356,-2.1176796,-16.505043,-6.3593693,-13.897996,-6.8789463,-14.912128,-11.943592,-20.751644,0.17490518,0.50806355,0.27756846,0.21122952,0.5543158,0.2799983,0.5739788,0.17872643,0.1947021,0.2554079,0.14897208,0.23289435
PLHH_Locked_85_F#_Keys_4bars-85BPM-F♯ major-BANDLAB.wav,129.19921875,0.04234110305441478,0.05032791,575.8259223715601,939.4357293538244,-401.5471,226.00249,19.726278,-29.056133,6.8028216,-1.4197845,-22.891262,-18.032091,-14.643255,-20.570753,-17.734226,-5.385839,4.0126395,0.20564143,0.6336062,0.20550326,0.16823415,0.13125165,0.20039134,0.17116737,0.110888675,0.20917301,0.30100188,0.664643,0.121823974
PLHH_Loss_85_Bbmaj_Keys_4bars-85BPM-B♭ major-BANDLAB.wav,123.046875,0.03826641106262834,0.0513323,534.117617385221,863.1188739251796,-415.70798,233.96869,25.473139,-30.334116,1.7154303,1.0955274,-13.544727,-15.64224,-20.957384,-23.427473,-14.369466,-7.7242365,-10.528078,0.03663536,0.108477645,0.60133487,0.21348938,0.10606484,0.4815998,0.20138898,0.13007551,0.18128079,0.6721868,0.5800239,0.20754083
PLHH_Majority_85_Gmaj_Keys_4bars-85BPM-G major-BANDLAB.wav,129.19921875,0.04133345899640657,0.05341672,604.1064653151766,998.972604113193,-391.57886,222.0638,11.32344,-33.642807,3.6237853,-6.313596,-26.26356,-19.766384,-16.585897,-21.991173,-18.475403,-6.1477184,3.310941,0.34987435,0.19875555,0.5325301,0.22191793,0.2495564,0.31156442,0.17694345,0.33764756,0.3807252,0.34399185,0.25056228,0.26355946
PLHH_Matter_100_C#m_Keys_8bars-100BPM-C♯ minor-BANDLAB.wav,123.046875,0.05442003759824667,0.06377918,721.929122134011,1147.6520284631954,-346.0864,238.82494,-18.304228,-28.920986,6.602135,-25.3131,-31.012554,-20.441404,-21.837496,-13.968428,-5.6063223,-4.6398487,-5.219226,0.17605452,0.506144,0.19622307,0.39402303,0.5350283,0.16589543,0.13476488,0.17488194,0.59301037,0.3157248,0.11714909,0.22374149
PLHH_Memory_85_Fmin_Keys_4bars-85BPM-F minor-BANDLAB.wav,129.19921875,0.057583098049281314,0.06474549,801.5337143854565,1257.2605015560832,-347.28015,225.3647,-38.938923,-24.014687,2.5715072,-26.173338,-13.750083,-3.8236687,1.9785718,13.2916975,5.279677,-6.4984,-9.436333,0.3096085,0.1097479,0.26217154,0.35335317,0.31836998,0.64147127,0.3026237,0.5259144,0.32558537,0.12315362,0.34425756,0.14829011
PLHH_Metals_80_Ebmaj_Strings_4bars-80BPM-E♭ major-BANDLAB.wav,129.19921875,0.09475206268133463,0.08801936,1985.555412110501,3829.2032798899904,-123.02829,98.77735,-46.06077,29.532475,-7.7431192,1.6253408,-13.692634,-4.26726,-14.155041,-8.130205,-16.041084,-10.335007,-15.706979,0.40670124,0.25028285,0.61506987,0.6593752,0.2387073,0.14198296,0.2034303,0.63291377,0.3213439,0.24448681,0.3489549,0.21179804
PLHH_Money_80_Fmin_Strings_4bars-80BPM-F minor-BANDLAB.wav,129.19921875,0.07507064494680851,0.09120482,1769.241844942445,3506.1427575707203,-118.77706,117.93901,-39.81754,31.130394,-7.685835,4.552498,-9.703242,-1.1453539,-8.966519,0.008914748,-8.533031,-4.8634567,-11.980831,0.5297885,0.3659264,0.3855381,0.42742792,0.46516404,0.594973,0.3529891,0.44729164,0.39569303,0.21750271,0.36733413,0.30085278
PLHH_Motion_80_Abmaj_Strings_4bars-80BPM-A♭ major-BANDLAB.wav,123.046875,0.08422426559477757,0.0714954,1967.9456959971628,3782.346696687621,-157.74812,87.82315,-53.539738,25.28814,-11.4627285,-1.3865119,-18.155148,-9.784416,-17.17293,-6.702086,-12.91554,-10.199687,-20.661648,0.6927269,0.25194222,0.3557159,0.39034447,0.17100042,0.13604851,0.13709535,0.26192397,0.40498582,0.25699925,0.3029205,0.2627721
PLHH_Night_85_Gmaj_Keys_4bars-85BPM-G major-BANDLAB.wav,123.046875,0.04567184291581109,0.048977338,664.7001944135578,1072.1059058970739,-391.15833,224.02104,-5.686768,-38.113297,2.6801956,-14.238762,-28.315868,-17.953352,-18.67868,-18.273619,-4.60719,3.5927062,0.88960946,0.30409095,0.24353252,0.5153745,0.29900536,0.25137445,0.25034443,0.21780881,0.2544347,0.33091712,0.42678845,0.2066931,0.41967407
PLHH_Noticed_85_Bbmin_Keys_4bars-85BPM-B♭ minor-BANDLAB.wav,123.046875,0.04171145084702259,0.06760131,584.6962318450223,919.9364632796457,-357.856,226.2442,14.470404,-24.409191,5.2808595,-7.7723017,-19.263859,-14.162005,-14.627538,-12.5574665,-9.60194,-13.172717,-12.158929,0.13300447,0.3079686,0.18361613,0.21122693,0.2855744,0.658158,0.21915635,0.09760238,0.30279645,0.25584745,0.64532703,0.17269263
PLHH_Often_80_Ebmaj_Strings_4bars-80BPM-E♭ major-BANDLAB.wav,123.046875,0.09042553191489362,0.09249305,1937.2664795245578,3762.9793089639747,-115.56377,106.65297,-40.954967,33.220993,-4.9794626,5.242772,-11.06586,-3.6965804,-13.429506,-5.8701925,-12.085363,-3.9247758,-9.142659,0.24192233,0.16973391,0.42285547,0.8363958,0.32888713,0.2245301,0.17895235,0.5501447,0.18777281,0.17125474,0.59398437,0.24724896
PLHH_Out_85_G#m_Keys_4bars-85BPM-G♯ minor-BANDLAB.wav,129.19921875,0.04010323087782341,0.0428127,578.9378684588235,945.3827844263348,-422.3433,220.5668,20.039547,-34.12741,-0.4089256,-1.7615702,-19.419762,-16.237314,-13.249338,-20.136707,-23.724464,-18.15753,-7.5854387,0.19421422,0.012579252,0.06136583,0.20260748,0.14722621,0.16012979,0.37107152,0.27253738,0.5995371,0.2275557,0.23122506,0.81371063
PLHH_Paramount_85_Bbmin_Keys_4bars-85BPM-B♭ minor-BANDLAB.wav,129.19921875,0.050446371278234085,0.05598221,702.2938525467163,1149.660809965349,-385.5305,211.45592,-9.236365,-28.30098,12.747691,-11.735015,-27.118246,-14.8914795,-14.222401,-13.176376,-0.4556945,11.266356,13.484042,0.4385882,0.45870548,0.23152222,0.3631176,0.17626897,0.27604166,0.039794974,0.13621326,0.38303274,0.14134826,0.14914052,0.12548079
PLHH_Pardon_80_F#_Strings_4bars-80BPM-F♯ major-BANDLAB.wav,123.046875,0.09257888056092843,0.09212143,1909.3385397893223,3717.8095627568905,-107.73249,113.33136,-36.61681,30.922705,-9.545937,3.5470254,-7.491412,3.3233476,-7.582714,-4.281421,-13.106383,-3.5215924,-6.1735244,0.28967294,0.552316,0.21095325,0.121698156,0.22656022,0.74024695,0.27959746,0.14813183,0.39800385,0.23972535,0.5643682,0.1783402
PLHH_Party_80_Dmin_Strings_4bars-80BPM-D minor-BANDLAB.wav,123.046875,0.076705489905706,0.07373026,1903.4411833026722,3719.6213506407157,-144.92229,108.79647,-40.684902,29.880262,-9.268109,3.247545,-8.713848,1.5209888,-7.203274,-0.5903311,-7.087219,-2.7405608,-10.75725,0.27743265,0.28348204,0.66995865,0.27928543,0.21741737,0.6768766,0.27029556,0.07403216,0.113143906,0.28969467,0.20015317,0.12910661
PLHH_Party_80_Emin_Strings_4bars-80BPM-E minor-BANDLAB.wav,123.046875,0.08384176287475822,0.09155797,1779.454026958557,3529.8834263932545,-109.94579,121.61528,-33.321808,35.710854,-2.7374065,10.746415,-3.6092768,5.444077,-4.8352838,1.972292,-5.326306,1.3197094,-6.341508,0.25019988,0.26047793,0.48169768,0.3779822,0.46634713,0.32986686,0.66875434,0.44333774,0.20959722,0.16134155,0.22687751,0.63999027
PLHH_Places_85_D#m_Keys_4bars-85BPM-D♯ minor-BANDLAB.wav,123.046875,0.04725900763603696,0.052240707,669.8272432208809,1044.316135539656,-394.24005,222.34923,-4.746186,-42.392487,-3.0317817,-18.295864,-36.91294,-30.264534,-24.740053,-18.153137,-9.31597,-7.288485,-7.417578,0.42092,0.4566923,0.1889302,0.2755647,0.22074986,0.5768539,0.2074433,0.10642105,0.37534615,0.2336715,0.1650562,0.12944286
PLHH_Pressed_85_C#m_Keys_4bars-85BPM-C♯ minor-BANDLAB.wav,123.046875,0.057100832584702256,0.053496726,793.4191064151531,1270.414768352156,-366.97964,207.88307,-26.561481,-26.15769,2.2061706,-26.176167,-21.351583,-12.098704,-8.6429205,7.0654497,3.0586774,-9.505408,-7.858605,0.1475207,0.40695703,0.119942464,0.117690444,0.4125122,0.1807795,0.3008718,0.14611411,0.43945032,0.6489678,0.19594961,0.16814
PLHH_Price_80_G#m_Strings_4bars-80BPM-G♯ minor-BANDLAB.wav,123.046875,0.09412022485493231,0.09445702,1979.2537046817922,3791.9262648089943,-132.80954,78.3362,-61.593147,12.692807,-29.7115,-19.066397,-29.302025,-16.722246,-29.730963,-29.393587,-39.446045,-30.094322,-27.442223,0.2556353,0.31512934,0.28438443,0.31818205,0.20125674,0.57682276,0.53090405,0.17730692,0.3599919,0.24940108,0.4837041,0.28677654
PLHH_Ready_80_Fmin_Pad_4bars-80BPM-F minor-BANDLAB.wav,135.99917763157896,0.15305492172388782,0.067018256,1834.4107417666598,3821.9353032066006,-216.85997,148.06047,-21.83381,20.282263,-2.2060812,19.362661,-14.135219,-0.9477513,-0.7162927,0.8044692,-2.6178732,-3.0398932,-6.991124,0.5217936,0.27225748,0.21943228,0.36687455,0.2554482,0.41911718,0.2892034,0.3558113,0.46680665,0.27555954,0.35056177,0.22132765
PLHH_River_85_Dmaj_Keys_4bars-85BPM-D major-BANDLAB.wav,123.046875,0.04502815387577002,0.08722867,632.0145490416339,1079.68895381481,-330.09937,244.9785,-7.4689603,-20.999273,20.951298,-12.025622,-24.670675,-12.796646,-17.084734,-12.282133,5.0143394,10.926281,0.9220321,0.21675642,0.777306,0.44938892,0.3145385,0.5912783,0.15431213,0.1482378,0.11063777,0.34836343,0.37050676,0.080024876,0.009656632
PLHH_Room_85_Dmin_Keys_4bars-85BPM-D minor-BANDLAB.wav,123.046875,0.042765215926591375,0.066089965,562.6840994597421,938.0429246342402,-389.51404,225.2139,18.48251,-18.541573,15.484347,1.0411999,-14.368988,-10.580515,-18.664324,-22.750011,-7.0208015,6.1760416,2.6540473,0.06347788,0.2251568,0.9285356,0.39769882,0.06717895,0.16503261,0.083558485,0.04689249,0.083162755,0.33612627,0.25831217,0.080135405
PLHH_Rushing_85_Cmin_Keys_4bars-85BPM-C minor-BANDLAB.wav,129.19921875,0.043591383791067764,0.058496267,617.0216996284513,999.1715762159907,-375.15033,239.09233,2.5282576,-21.639107,12.856405,-10.403661,-21.672144,-14.416565,-14.004174,-10.053247,-7.428972,-9.50188,-7.3292317,0.30894265,0.15171617,0.16757564,0.35499182,0.17431316,0.23920725,0.2511189,0.70489335,0.48015216,0.16186816,0.38559648,0.20547324
PLHH_Saving_85_Dmin_Keys_4bars-85BPM-D minor-BANDLAB.wav,129.19921875,0.04097852765657084,0.05551095,580.8792141115307,944.2994918666581,-384.34824,220.11821,19.555769,-31.161728,4.309314,0.8669271,-21.619486,-23.85757,-21.549625,-21.882391,-17.011703,-9.194642,-3.3056965,0.3064485,0.22464834,0.53355485,0.34818646,0.112112306,0.14872739,0.12365988,0.432863,0.3257148,0.13446954,0.37582695,0.33156362
PLHH_Second_85_C#_Keys_4bars-85BPM-C♯ major-BANDLAB.wav,129.19921875,0.03458775827772074,0.0734896,491.69766746095246,764.3402788918121,-384.77945,234.43488,28.950108,-13.875482,15.73913,2.2211032,-13.763965,-11.848039,-17.693195,-20.211864,-9.593868,-1.6314836,-4.3252845,0.2949867,0.7956011,0.21122535,0.042047013,0.1920898,0.4439046,0.18073128,0.14196514,0.44398087,0.13322797,0.035243623,0.0577979
PLHH_Session_85_Dmaj_Keys_4bars-85BPM-D major-BANDLAB.wav,117.45383522727273,0.04216664527720739,0.061554536,622.989775177246,1024.441033271304,-383.9577,230.50635,-0.38016906,-32.816677,11.016481,-5.8358502,-24.482304,-15.888702,-13.890723,-16.51828,-13.762829,-6.800422,3.2922504,0.31582215,0.7933361,0.32728663,0.16707301,0.1301954,0.19398482,0.11064599,0.1060424,0.37187228,0.31737608,0.15946116,0.2941419
PLHH_Shake_100_Bmin_Keys_8bars-100BPM-B minor-BANDLAB.wav,143.5546875,0.05385677240779928,0.061740216,720.9368800341229,1152.3778765492746,-354.65756,225.9387,-17.295153,-15.794926,8.360416,-20.396963,-7.693756,-0.74488103,-7.78614,4.0733085,0.85087276,-14.229548,-17.741665,0.037814964,0.14097568,0.81098795,0.3138986,0.10934488,0.097905815,0.3907753,0.3327638,0.1930257,0.59840685,0.23936243,0.06208736
PLHH_Shops_85_Amin_Keys_4bars-85BPM-A minor-BANDLAB.wav,123.046875,0.03118182109856263,0.052325208,459.08075010120615,720.3674441735113,-421.78546,227.87721,45.161247,-20.705147,0.5390998,6.254958,-8.266787,-15.180042,-16.470102,-16.005726,-12.983218,-10.939924,-10.497692,0.19879997,0.1957919,0.44222125,0.19399258,0.24768667,0.3891255,0.22807756,0.26410812,0.2851519,0.66402096,0.39141417,0.08860852
PLHH_Sides_80_Bbmaj_Strings_4bars-80BPM-B♭ major-BANDLAB.wav,123.046875,0.092864104811412,0.084909596,1960.8367737477151,3777.744338959744,-130.90018,93.40922,-47.986824,26.936773,-15.196739,-8.6894,-24.85961,-15.2468815,-22.646505,-13.61171,-19.124357,-13.289995,-18.760567,0.41124216,0.38321403,0.46191776,0.1965813,0.24565831,0.83452415,0.2254383,0.14902362,0.26679876,0.25202245,0.3092903,0.16982721
PLHH_Silky_85_Ebmaj_Keys_4bars-85BPM-E♭ major-BANDLAB.wav,123.046875,0.040217530800821355,0.07457743,553.5194331267356,901.1667615823922,-357.44162,238.98752,20.760048,-27.848537,10.018433,2.1645741,-18.2873,-17.09247,-17.4385,-18.5807,-12.000109,-7.7392697,-8.163305,0.0281424,0.09730423,0.6084983,0.40859556,0.15690461,0.30501577,0.14584658,0.10409655,0.24850476,0.3427289,0.6873974,0.2958366
PLHH_Skills_100_C#m_Keys_8bars-100BPM-C♯ minor-BANDLAB.wav,129.19921875,0.044163769649334945,0.050928976,625.0195507119083,982.2343265851723,-387.54837,214.48245,13.142389,-30.93386,2.0783093,-8.199282,-26.683958,-22.374594,-20.796274,-22.342402,-15.5493355,-7.1414127,-2.3123136,0.18826734,0.43548977,0.21970691,0.3840688,0.1476601,0.08180585,0.14253917,0.13337675,0.4292843,0.25662845,0.48838428,0.39320883
PLHH_Skill_85_Bbmin_Keys_4bars-85BPM-B♭ minor-BANDLAB.wav,117.45383522727273,0.05079929735626283,0.06524255,692.6260942741405,1111.98875850231,-361.22256,220.54651,-2.5692954,-30.179895,8.539225,-13.831724,-28.761597,-18.224203,-21.245852,-19.197626,-3.9957047,-1.3611987,-7.7736077,0.17329367,0.12627389,0.31615546,0.12014671,0.41054782,0.70796514,0.12782878,0.00979752,0.17140646,0.53324866,0.21355788,0.07849366
PLHH_Skip_85_C#_Keys_4bars-85BPM-C♯ major-BANDLAB.wav,117.45383522727273,0.027692665554414783,0.055950057,440.48245136813637,714.6635772266427,-428.0596,210.4701,47.032272,-19.667984,0.3327124,10.565035,-6.184742,-15.580456,-12.337784,-8.612214,-7.2075033,-9.192355,-14.80754,0.19081214,0.48861876,0.35246837,0.30060557,0.22416432,0.48045692,0.21647513,0.22275731,0.29680473,0.079763085,0.00927918,0.046850823
PLHH_Sosa_80_Fmaj_Strings_4bars-80BPM-F major-BANDLAB.wav,123.046875,0.08256675380802708,0.089063406,1825.9089826189545,3570.5341154648213,-119.57497,117.639145,-37.0265,33.864525,-4.7266197,7.801819,-6.2424197,1.8843253,-6.5963693,-0.19023365,-9.265763,-2.1059628,-6.2773337,0.48161995,0.25730386,0.3577715,0.29484648,0.78142685,0.3024281,0.21463566,0.27615085,0.18552041,0.22251436,0.13125117,0.38990662
PLHH_Sruck_85_Gmin_Keys_4bars-85BPM-G minor-BANDLAB.wav,129.19921875,0.03683465413244353,0.08062436,502.6904130828113,818.9028510812371,-370.06937,243.0176,26.348377,-19.562021,13.69855,0.14490664,-16.386433,-9.081009,-12.863821,-22.455956,-16.607687,-4.2509575,-0.67550224,0.08147507,0.22541684,0.82475823,0.3911589,0.123715974,0.31637704,0.15924008,0.198074,0.13210781,0.17788205,0.58744043,0.23982379
PLHH_Start_85_C#m_Keys_4bars-85BPM-C♯ minor-BANDLAB.wav,129.19921875,0.05375004010523614,0.057704363,729.5028037063536,1157.7965581686344,-378.13116,206.37848,-12.435414,-22.747766,9.75742,-15.316195,-18.16603,-6.9718547,-3.64646,4.852963,-2.5724313,-14.278263,-7.679871,0.6190037,0.37174267,0.122632146,0.16241519,0.1449693,0.4184763,0.17275243,0.08771597,0.62411594,0.2476257,0.008491015,0.10525349
PLHH_Stretch_85_Dmin_Keys_4bars-85BPM-D minor-BANDLAB.wav,129.19921875,0.04495095129620123,0.04935686,643.7919331526409,1058.5979109182495,-393.6966,230.23685,0.04041906,-27.545425,9.857318,-9.555361,-21.332666,-15.688111,-19.383728,-12.488425,0.3451739,-2.3592198,-7.8261275,0.34450018,0.17371479,0.21361667,0.3030291,0.49549899,0.37520805,0.12159672,0.2440552,0.25283092,0.16767207,0.13561027,0.45840466
PLHH_Strive_80_Emaj_Strings_4bars-80BPM-E major-BANDLAB.wav,129.19921875,0.09345344233558994,0.100542404,1954.572149066283,3778.9938478451404,-107.307144,102.126045,-47.491554,24.465466,-12.046057,2.0491157,-13.304408,-7.339556,-16.897736,-8.459304,-16.892525,-10.973206,-16.035627,0.24339916,0.3081583,0.214165,0.6177062,0.6668736,0.25341308,0.2157137,0.18801819,0.54992294,0.24645877,0.2289041,0.5879165
PLHH_Sure_80_Fmin_Strings_4bars-80BPM-F minor-BANDLAB.wav,123.046875,0.09114331479690523,0.09838712,1911.7950431193028,3724.2445335166826,-118.88103,101.803825,-38.58842,31.16367,-7.783827,4.663326,-9.472368,-1.5683093,-10.853509,-3.223697,-11.8323765,-8.771222,-17.765799,0.8240087,0.33231515,0.0819937,0.24354123,0.24481457,0.49081504,0.25725833,0.24682173,0.6932401,0.25167418,0.060966894,0.14578252
PLHH_Sure_85_Fmin_Keys_4bars-85BPM-F minor-BANDLAB.wav,123.046875,0.03879479754876797,0.06198538,577.6467066180583,938.4408688398357,-383.52417,233.95612,9.278343,-30.575588,8.343951,-6.050363,-24.982698,-19.563416,-18.61353,-18.596943,-12.562709,-9.402536,-7.8431163,0.48703492,0.32078448,0.23729914,0.36519983,0.26670316,0.38052097,0.14792767,0.24606875,0.56951684,0.23100746,0.3077161,0.20661163
PLHH_Swear_85_Dmin_Keys_4bars-85BPM-D minor-BANDLAB.wav,117.45383522727273,0.035297620957392195,0.036302947,545.5493063420244,883.7898646047228,-462.4321,186.88481,31.051971,-14.050602,5.444644,2.3982842,-9.401648,-9.484429,-10.301556,-11.480479,-5.769735,1.1607852,1.1571339,0.46055284,0.27512893,0.26819342,0.1955067,0.25955528,0.17861345,0.08712737,0.22129247,0.18990102,0.27102348,0.13997188,0.13439713
PLHH_Techie_80_Emin_Pad_4bars-80BPM-E minor-BANDLAB.wav,123.046875,0.17328789893617022,0.06760775,2115.730093504237,4140.455943242263,-196.44461,127.52821,-7.973645,23.658138,-9.327222,7.2783895,-3.9046538,1.4605753,-4.0373354,3.7138991,-1.0878438,-8.464595,-6.582635,0.28089988,0.20821439,0.4416749,0.26113272,0.380103,0.26665032,0.40141013,0.5338724,0.35743484,0.36782843,0.29089576,0.47704393
PLHH_Thinking_85_C#_Keys_4bars-85BPM-C♯ major-BANDLAB.wav,117.45383522727273,0.04255566606776181,0.05017259,624.2775273761791,1004.7427950943276,-409.83545,203.10646,12.136463,-32.395943,1.6925365,-5.3693275,-27.249752,-27.044128,-23.9336,-21.769934,-12.658514,-5.436126,-5.145237,0.26736504,0.31659773,0.13599825,0.24061795,0.1766572,0.412214,0.17332405,0.14365369,0.32258952,0.15883638,0.29651284,0.1378254
PLHH_Thouhgts_85_D#m_Keys_4bars-85BPM-D♯ minor-BANDLAB.wav,123.046875,0.04710059195328542,0.08442466,646.7557148245683,1053.7783644282597,-328.78778,240.75777,-4.612721,-27.89199,13.024396,-12.231718,-23.15102,-12.606771,-18.197756,-15.317712,-1.0718517,5.277807,6.614226,0.16970114,0.68593854,0.3274537,0.37399122,0.15959401,0.20982438,0.22983474,0.079722084,0.1765695,0.18658133,0.64416414,0.2538169
PLHH_Time_85_Bbmin_Keys_4bars-85BPM-B♭ minor-BANDLAB.wav,129.19921875,0.04709357353696098,0.057995845,654.4610724884878,1041.9284703060832,-379.3427,226.39926,-2.7807553,-30.509556,7.604,-13.541972,-26.06122,-17.089436,-21.835592,-19.401245,-1.0504019,8.099331,2.849273,0.22786872,0.6350306,0.17203364,0.18044718,0.18402717,0.48099753,0.24326792,0.14388253,0.2657492,0.24446785,0.45933887,0.095455736
PLHH_Topic_80_Fmin_Strings_4bars-80BPM-F minor-BANDLAB.wav,123.046875,0.0940314464458414,0.06778139,1840.3861775606326,3522.011520415256,-168.43596,109.47262,-52.736816,26.8945,-12.560758,-0.24631959,-14.276829,-7.204246,-16.832031,-11.886981,-17.626484,-10.922887,-14.735146,0.5503532,0.28853574,0.3678106,0.6477962,0.3140554,0.37235433,0.22839779,0.49806187,0.5458032,0.25870666,0.47106102,0.30877206
PLHH_Trim_85_Gmaj_Keys_4bars-85BPM-G major-BANDLAB.wav,123.046875,0.06564425051334702,0.070303224,887.2680197588975,1353.8725114700976,-341.4275,212.20393,-43.273582,-25.756947,1.5773878,-30.089619,-13.951843,0.289632,-1.5444306,-4.6914215,-12.652772,0.8798233,12.622806,0.13699853,0.13314387,0.784447,0.2420009,0.0062900265,0.06600738,0.43132117,0.18564159,0.07084817,0.23491403,0.15973726,0.48584098
PLHH_Trip_80_Fmin_Strings_4bars-80BPM-F minor-BANDLAB.wav,129.19921875,0.0947105068302708,0.10212283,1930.7372800972191,3745.028031310445,-106.58352,100.5368,-45.72969,28.30655,-12.139435,-2.2759266,-16.449257,-7.878536,-17.889252,-12.927489,-20.606329,-13.345452,-20.371126,0.37476382,0.27415833,0.25873432,0.5431984,0.36294183,0.770655,0.29533303,0.38074127,0.5374101,0.22250018,0.33476233,0.18086693
PLHH_Understand_85_Bmaj_Keys_4bars-85BPM-B major-BANDLAB.wav,117.45383522727273,0.05252081461755647,0.07813224,663.0787964458707,1034.8539066510523,-329.60623,247.2487,-9.143807,-19.279982,11.504789,-14.196562,-11.758408,-7.5215325,-12.890687,-2.9724236,-4.400039,-19.328302,-22.293385,0.3394288,0.15322632,0.17291768,0.10335292,0.2631766,0.39867413,0.21587941,0.65488195,0.31777263,0.525255,0.26000777,0.14533602
PLHH_Visit_85_C#_Keys_4bars-85BPM-C♯ major-BANDLAB.wav,129.19921875,0.05322466151180698,0.059668347,718.9753632055028,1126.4252899608573,-366.4719,214.78879,-17.124912,-18.159864,6.6610346,-20.51678,-11.748921,-5.8435817,-13.076436,-2.269374,-0.15899445,-8.087236,-9.913657,0.07728418,0.26280388,0.780017,0.18986204,0.020842025,0.08062359,0.2679516,0.055856008,0.18736795,0.7324157,0.2055284,0.111064814
PLHH_Vote_85_Bmin_Keys_4bars-85BPM-B minor-BANDLAB.wav,129.19921875,0.049425693018480495,0.04802216,691.8305769714902,1068.5244080467146,-392.08002,218.0149,-4.2478423,-26.401901,3.884931,-18.834293,-22.87434,-13.565895,-19.403538,-14.657281,-4.972434,-7.3260064,-9.570433,0.07117393,0.15287684,0.5096013,0.10891033,0.012744753,0.18708354,0.7413561,0.32830223,0.16436741,0.2981621,0.17189963,0.30069646
PLHH_Whoah_80_F#m_Pad_4bars-80BPM-F♯ minor-BANDLAB.wav,129.19921875,0.21408818907156674,0.064350575,2703.9909752582707,5480.991550939918,-177.46164,106.535645,-17.599005,10.680444,-6.063418,8.456043,-8.413508,-4.9442577,-8.573844,-0.3566479,-6.9554443,-4.3306856,-8.746383,0.22127809,0.42134988,0.43914658,0.21319112,0.2736308,0.25156093,0.7158919,0.32469344,0.2467905,0.3535069,0.23541142,0.36037156
PLHH_Work_85_C#_Keys_4bars-85BPM-C♯ major-BANDLAB.wav,123.046875,0.027397892068788503,0.06391876,408.76521064934724,680.9267517967146,-423.5689,226.6671,54.40601,-13.753227,5.2517385,10.825146,-7.924459,-15.003224,-9.972023,-7.4532337,-9.47194,-14.954332,-21.327045,0.17555767,0.25492886,0.20644464,0.15913884,0.21112451,0.6035085,0.2961155,0.29094848,0.71589625,0.3901572,0.20842738,0.14967497
PLHH_You_80_Ebmaj_Strings_4bars-80BPM-E♭ major-BANDLAB.wav,123.046875,0.108534438467118,0.110997096,2063.3320922150874,3952.384030841997,-100.566696,93.40505,-41.811584,30.993261,-8.898594,1.0108209,-14.056057,-8.20481,-19.087503,-5.3480315,-10.25526,-1.9907888,-0.9075204,0.2812912,0.22724433,0.76320595,0.61938953,0.2069507,0.122557424,0.12629825,0.4296505,0.10156517,0.22439452,0.6382127,0.20642166
SVR 100 Atmosphere 01-100BPM-BANDLAB.wav,123.046875,0.016390445727657004,0.027115023,678.197699110637,919.9462890625,-440.66455,137.367,27.479984,59.107536,28.25752,30.142117,12.5583105,6.9914393,-2.428068,-4.8746715,-8.150975,-7.388066,-6.599153,0.21404397,0.4888586,0.6115691,0.66114944,0.8345547,0.53489584,0.14768,0.06426672,0.075577825,0.09309452,0.07495776,0.11760473
SVR 100 Atmosphere 02-100BPM-BANDLAB.wav,123.046875,0.07821463617149758,0.013328532,1523.7108374647532,3829.0092136548915,-409.56168,123.57852,-0.007238563,72.7144,-3.584439,24.201372,24.384636,-10.968127,5.169643,23.285685,-8.949927,17.066895,9.66842,0.404498,0.343819,0.28373152,0.31308138,0.350786,0.33776373,0.43207905,0.56487817,0.78229505,0.7511776,0.8808872,0.5394389
SVR 100 Atmosphere 03-100BPM-BANDLAB.wav,99.38401442307692,0.08838598278985507,0.021232411,1417.4170435066003,2354.89501953125,-351.46338,148.4727,-43.969242,0.08426685,-17.237316,-7.749399,-12.966504,-6.037174,-6.085151,3.7226055,2.9066358,5.1020923,4.177689,0.27035248,0.2760925,0.3137046,0.2885814,0.30561426,0.3466477,0.3339592,0.32605523,0.376441,0.36849684,0.33981293,0.32548302
SVR 100 Atmosphere 04-100BPM-BANDLAB.wav,117.45383522727273,0.05013728487318841,0.0070042894,1643.5428149795114,3539.0651537024455,-447.3725,120.17942,0.933656,20.39301,-3.5949454,5.678813,1.0438657,8.31905,6.775137,12.01561,7.833869,6.4642715,-2.6122694,0.43000716,0.35509238,0.39290997,0.3846116,0.467455,0.6135683,0.7716478,0.5656213,0.51311415,0.42018443,0.48474312,0.5406219
SVR 100 Atmosphere 05-100BPM-BANDLAB.wav,135.99917763157896,0.2039293666968599,0.01059188,3099.508539725205,5439.188285495924,-273.1625,48.8871,-55.21679,23.063646,-8.12306,17.728355,1.3163453,8.207809,-4.0808434,9.617492,2.4008512,2.115213,-3.217461,0.37677372,0.33272457,0.32682204,0.32960606,0.47621277,0.5671437,0.66610754,0.77789456,0.4961277,0.35150784,0.3435143,0.37480792
SVR 100 Atmosphere 06-100BPM-BANDLAB.wav,123.046875,0.09778716598731885,0.022350408,1569.0374613140593,2978.4476902173915,-282.14435,145.8115,-10.202753,16.6881,-25.01044,-4.0750813,-22.387888,3.938475,3.471097,-0.020263746,-30.800285,2.080187,12.778892,0.51093566,0.47291076,0.49885127,0.5496647,0.55265725,0.5085237,0.47541165,0.40194362,0.36876994,0.46881124,0.8331573,0.69018936
SVR 100 Atmosphere 07-100BPM-BANDLAB.wav,123.046875,0.18115352317330918,0.038328514,2441.8448183233804,4119.057298743207,-254.78181,104.276474,-13.151493,20.707134,-3.8271468,9.062076,-4.502493,5.0122147,-3.0639377,3.3834093,-3.7603524,1.7901237,-2.8345068,0.632044,0.62418884,0.62622136,0.6296613,0.6185062,0.5904515,0.6025378,0.63124865,0.64950013,0.66675407,0.6379137,0.62247545
SVR 100 Atmosphere 08-100BPM-BANDLAB.wav,135.99917763157896,0.06458286156400966,0.007072686,2723.8988578414865,5336.515476392663,-349.3127,65.44324,-27.178047,38.584797,2.9869087,22.578049,5.777403,14.416874,3.239851,8.502787,-0.54866564,4.0854793,-3.5185559,0.6970936,0.69278765,0.6877102,0.6829307,0.65845317,0.67066795,0.62290174,0.60460716,0.5953353,0.6173863,0.6808272,0.70294476
SVR 100 Atmosphere 09-100BPM-BANDLAB.wav,123.046875,0.06018007435084541,0.013599718,1237.194320083656,2092.8036897078805,-444.82413,129.47774,-2.5519283,23.473166,-7.719407,12.195164,8.8660145,20.267292,16.166353,17.731058,4.579758,-6.272909,-21.41653,0.2733674,0.23636916,0.085850455,0.0528823,0.053785264,0.05317667,0.18740949,0.9636272,0.44087422,0.08190564,0.055800043,0.089428134
SVR 100 Atmosphere 10-100BPM-BANDLAB.wav,151.99908088235293,0.15892139379528986,0.009346558,2200.1322256667886,3715.335746433424,-362.58084,103.69193,-84.5395,47.507812,-3.0804284,10.859087,11.767086,11.246509,3.5734167,11.830059,1.4019645,5.9764023,0.64711595,0.6750483,0.65299404,0.51902294,0.6103526,0.61318964,0.6455429,0.8043163,0.6420683,0.6818982,0.6064462,0.65459543,0.66473573
SVR A 100 Bass8by10 2bar-100BPM-A major-BANDLAB.wav,89.10290948275862,0.025062745320048308,0.1165483,765.9890126207581,1501.7068614130435,-321.55276,157.43607,1.2789159,55.412006,28.173988,14.795381,18.053768,4.670114,0.9413051,2.066776,5.206957,1.6321723,6.820211,0.12750015,0.1250821,0.2136338,0.26947176,0.38372582,0.38666177,0.32069865,0.35475346,0.50303096,0.706845,0.5296336,0.30159017
SVR A 100 BassChops 1bar-100BPM-A major-BANDLAB.wav,99.38401442307692,0.027437650240384616,0.09304118,730.7148277647404,1586.3138052133413,-305.96408,185.64427,-26.04675,67.86376,38.610477,-6.41705,-6.9014845,3.867447,5.5106516,-6.599071,-10.511033,0.19615199,-4.8484716,0.0930983,0.11909198,0.23520976,0.40242636,0.5649356,0.3896243,0.18087116,0.24537484,0.45031118,0.63021886,0.39104703,0.16790172
SVR A 100 Guitar 01-100BPM-A major-BANDLAB.wav,129.19921875,0.058874452747584544,0.046219956,1164.532685165537,2239.0890370244565,-269.33868,178.88376,-52.547405,36.498146,-12.001031,0.012862643,-3.322817,7.7607565,13.755029,-4.120262,-19.223017,-13.335912,-13.234295,0.20280619,0.2080278,0.17715696,0.3204062,0.64980507,0.2340315,0.12867047,0.2863588,0.6518443,0.5883048,0.37638772,0.3687127
SVR A 100 Guitar 06-100BPM-A major-BANDLAB.wav,95.703125,0.053175706129807696,0.035900917,1094.213518294943,1803.302236703726,-319.92908,172.47894,-37.093,13.048591,-6.656777,0.18386842,-17.46796,-12.29737,-15.813444,-3.185913,-12.3082485,-11.33617,-8.41717,0.14429754,0.17765617,0.0746507,0.23275805,0.94492745,0.25411147,0.040890194,0.092484914,0.26152748,0.5297368,0.2875154,0.5182868
SVR A 100 SparkleKeys 2bar-100BPM-A major-BANDLAB.wav,99.38401442307692,0.05158089900362319,0.10770306,776.2280909100992,1075.2558169157608,-327.35248,183.21663,-4.049576,2.514967,-12.774454,-14.211211,-21.576893,-18.426401,-17.473465,-11.991187,-10.313043,-4.8757615,2.197638,0.120993815,0.46742457,0.08210692,0.04214937,0.20531066,0.070228435,0.13335983,0.064197905,0.2989963,0.76206243,0.1831237,0.19877328
SVR A 100 SparkleKeys2 2bar-100BPM-A major-BANDLAB.wav,99.38401442307692,0.05665006038647343,0.10941125,910.418950468644,1422.4917204483695,-266.2918,181.20856,-36.381397,10.968372,-14.909109,-17.028992,-22.858007,-13.877121,-15.167688,-14.988845,-13.873546,-9.035721,-0.010901557,0.12215394,0.2915956,0.21174099,0.117615744,0.26645637,0.10866894,0.26216918,0.10740366,0.36698395,0.61687154,0.18612438,0.3922121
SVR A 100 StringRobsRecords 4bar-100BPM-A major-BANDLAB.wav,123.046875,0.059291968599033816,0.050112475,1276.5285733096348,2526.692531419837,-269.49936,148.37128,-35.49078,41.58746,0.8461638,1.0922428,-6.9759903,-4.445805,-10.288902,-9.934917,-6.9712443,1.5090905,-1.8254663,0.14970097,0.46112433,0.4762779,0.26138145,0.38370377,0.20106265,0.3144352,0.23984876,0.31164286,0.47256967,0.19086751,0.18249184
SVR A 100 TopLoadingTapes 4bar-100BPM-A major-BANDLAB.wav,117.45383522727273,0.09730006416062802,0.07291784,1577.7173342307544,2567.314346976902,-202.87971,132.15189,-71.40163,5.0851226,-12.273162,3.6668725,-29.67273,-4.3231697,-18.169954,-10.538575,-21.248924,-16.621367,-20.950119,0.255289,0.5286732,0.42301336,0.33211398,0.60177064,0.2433382,0.22835828,0.21542858,0.66776687,0.6523451,0.24615844,0.42022187
SVR Amin 100 80sAsFBass 2bar-100BPM-A minor-BANDLAB.wav,95.703125,0.020437047101449276,0.12596293,940.5903687330431,1999.0510360054348,-243.89806,176.62717,1.0870024,37.306923,6.2375417,18.16055,4.5209436,10.108173,2.301774,6.157932,1.7189761,4.128169,0.7980276,0.66100603,0.41099778,0.36750996,0.3421611,0.33062217,0.2874768,0.38556817,0.41960812,0.36440513,0.45407042,0.5795489,0.7547129
SVR Amin 100 ChunkyBass 2bar-100BPM-A minor-BANDLAB.wav,129.19921875,0.04256066953502415,0.081549935,1622.670399636317,3287.194293478261,-415.25345,123.523796,33.334373,26.624104,17.006908,14.538215,10.385049,8.078118,5.6439714,4.2884254,3.814953,2.9138205,2.6649718,0.4786824,0.4571575,0.56609863,0.6319353,0.73730904,0.6620437,0.532507,0.49178168,0.5413173,0.51535577,0.5068065,0.58340293
SVR Amin 100 Piano 09-100BPM-A minor-BANDLAB.wav,135.99917763157896,0.0588933235205314,0.1355457,1231.3542410601424,2517.928413722826,-142.43568,158.71872,-7.227355,37.06677,-16.700119,18.6477,-9.851072,-5.9925117,-12.558483,1.682324,-4.1390896,2.5569324,-2.7091854,0.6434439,0.2353308,0.13395661,0.17434321,0.4871727,0.45791754,0.20665394,0.19828705,0.18402688,0.432668,0.16935727,0.29779318
SVR B 100 BassLinkway 1bar-100BPM-B major-BANDLAB.wav,99.38401442307692,0.026780348557692308,0.0926934,883.5846675243715,2067.291025015024,-266.2143,178.08621,-30.703848,65.60128,7.2577353,-10.916958,12.231862,10.641186,4.104411,-1.07628,-2.5745192,-7.9724493,-3.3713307,0.4938079,0.2837183,0.23498376,0.30121377,0.35518408,0.2669644,0.3298701,0.32112235,0.3231785,0.46697336,0.57745653,0.6708641
SVR B 100 Guitar 02-100BPM-B major-BANDLAB.wav,123.046875,0.06815179649758454,0.056038007,1808.5110153461703,3592.5600798233695,-234.75876,121.95744,-50.450382,53.61415,-17.684267,12.577307,-15.326839,6.407213,-0.32347184,-3.1781652,1.5477605,0.3295978,3.8354833,0.3764639,0.22133327,0.14259931,0.18898228,0.14176162,0.41178694,0.97640646,0.33154282,0.104639,0.17789021,0.35541302,0.47564197
SVR B 100 Guitar 09-100BPM-B major-BANDLAB.wav,117.45383522727273,0.13261061448317307,0.052784186,2348.5043209772984,4133.546799879808,-192.30235,104.73717,-67.45846,46.705177,-37.529728,-6.115536,-6.2818165,0.7127867,-1.1462018,0.58961356,-11.468594,0.9973207,-15.467867,0.31498906,0.41101974,0.2556163,0.35016328,0.4387191,0.4119686,0.8250652,0.44693008,0.36287627,0.47129875,0.66614735,0.4399775
SVR B 100 SaxLine 04-100BPM-B major-BANDLAB.wav,99.38401442307692,0.10427753245772947,0.060820363,2059.039441812228,3647.4853515625,-247.92772,70.78938,-66.53578,2.6674695,-16.466183,-2.3877854,-40.897224,-10.00584,-5.435515,-17.887087,-24.707027,-5.9351654,-18.183935,0.20561054,0.21710579,0.30365252,0.29814115,0.4293068,0.13970879,0.18338016,0.24075302,0.22103173,0.3159556,0.31301636,0.5180797
SVR B 100 SaxLine 05-100BPM-B major-BANDLAB.wav,99.38401442307692,0.10770827073317307,0.05401086,2143.9589837154085,3860.240760216346,-246.21135,79.77128,-66.930695,1.3400486,-15.14829,-3.072697,-33.732456,-11.720869,-4.2861233,-15.497713,-22.868732,-9.471892,-16.541817,0.15825,0.14910729,0.3087315,0.3264648,0.5150175,0.19404657,0.12492068,0.32031137,0.31880635,0.25244346,0.26547047,0.38100398
SVR B 100 SaxLine 06-100BPM-B major-BANDLAB.wav,92.28515625,0.06630765474759616,0.05215709,1667.1873171936002,3057.19721867488,-311.98584,92.65462,-51.538254,2.5786815,-10.659662,-2.401581,-30.70148,-8.664335,-5.4098387,-16.005838,-13.829354,-5.9240346,-7.070168,0.25408262,0.06019852,0.040717658,0.08586029,0.27812713,0.120183095,0.037598446,0.03330736,0.098081894,0.065006286,0.33592668,0.9634555
SVR B 100 SaxLine 09-100BPM-B major-BANDLAB.wav,117.45383522727273,0.09140718900240384,0.04793696,1938.5520080589065,3542.626014122596,-313.67612,92.793365,-47.53528,6.9501624,-8.911601,-7.1159286,-31.02124,-12.067844,-8.013489,-12.734633,-8.964692,0.830129,-14.993781,0.23207189,0.16272447,0.23469146,0.316717,0.677933,0.2861406,0.23431605,0.24775457,0.26678315,0.27004036,0.27996972,0.6057109
SVR Bmin 100 ChunkyBass 2bar-100BPM-B minor-BANDLAB.wav,198.76802884615384,0.01221646663647343,0.15760015,359.4107671795636,659.9354619565217,-377.49857,178.47037,60.909054,51.526363,34.414986,27.807186,17.726854,12.433046,9.67405,11.930709,11.253649,8.139711,3.3750963,0.6086809,0.5411549,0.5936387,0.67701,0.6987346,0.6298922,0.51739156,0.46126747,0.506626,0.5964039,0.6511635,0.7031979
SVR Bmin 100 DiggingForGold 4bar-100BPM-B minor-BANDLAB.wav,129.19921875,0.05324978298611111,0.055722572,808.2338043632104,1213.375191066576,-421.9317,178.48676,1.0075194,-45.35111,-29.806042,-21.806927,-18.459366,-16.923979,-21.873453,-17.197952,2.143808,18.41846,18.007225,0.31184027,0.1893406,0.050029747,0.051525667,0.20916693,0.05139098,0.12329858,0.06764556,0.07697765,0.29213342,0.18720824,0.6455742
SVR Bmin 100 LoungeKeys 2bar-100BPM-B minor-BANDLAB.wav,89.10290948275862,0.04503745848429952,0.087837264,619.3818266446029,788.4065047554348,-424.31787,165.67282,26.755344,-6.9504814,-1.8542993,-12.205613,-32.025017,-36.382915,-26.56324,-14.38892,-7.531744,-2.4395146,6.371371,0.16254044,0.055918556,0.2888964,0.097002454,0.15996191,0.040434524,0.15486498,0.62214994,0.13066088,0.009639431,0.19377682,0.900068
SVR Bmin 100 LoungeKeys2 2bar-100BPM-B minor-BANDLAB.wav,184.5703125,0.043966542119565216,0.09389068,600.1290988582659,727.6038128396739,-425.31348,167.72179,27.059189,-9.429677,-6.178966,-15.104551,-32.130604,-37.610756,-28.084433,-12.654561,-4.451539,-1.6010326,5.584531,0.16402663,0.11468127,0.23048705,0.09453615,0.20801225,0.04712916,0.12068442,0.5095801,0.13642204,0.12930588,0.20203677,0.8255254
SVR Bmin 100 PoundBinPad 4bar-100BPM-B minor-BANDLAB.wav,103.359375,0.07369272720410629,0.07029363,1776.9173737340582,3252.970023777174,-209.87462,113.50821,-38.10834,5.2526236,-21.161911,5.776333,-12.301543,-6.731082,-14.518536,-3.0502381,-6.1888056,1.0280523,-5.07543,0.14470246,0.19770227,0.6959972,0.2524327,0.08693617,0.2729541,0.3910207,0.10443076,0.06827296,0.19058797,0.14445555,0.39813358
SVR Bmin 100 SaxLine 01-100BPM-B minor-BANDLAB.wav,129.19921875,0.07359900841346154,0.043422956,1734.6799791051378,3296.9611534705527,-341.7047,109.70806,-41.050285,2.4871454,-12.552178,-4.726852,-28.974918,-11.755507,-9.412463,-11.796706,-11.044002,-4.992307,-5.02399,0.31081694,0.1923426,0.26898134,0.2027219,0.2497873,0.19867292,0.21716326,0.18840934,0.24557742,0.4477175,0.39326108,0.6705236
SVR Bmin 100 TwinkleKeys 2bar-100BPM-B minor-BANDLAB.wav,99.38401442307692,0.04889653155193237,0.0758198,819.6982030600343,1320.8591627038043,-380.80215,172.47273,11.373615,1.1321061,-1.5717089,-13.256432,-15.369345,-12.564175,-6.289118,-0.91757953,3.0190146,6.8973866,7.278636,0.12588872,0.19723357,0.32867756,0.17151351,0.42184693,0.13524696,0.19844402,0.11631169,0.17042217,0.34158617,0.20533337,0.42682388
SVR Bmin 100 TwinkleKeys2 2bar-100BPM-B minor-BANDLAB.wav,99.38401442307692,0.055600373641304345,0.07704705,922.9435022417973,1492.7606997282608,-363.8877,173.50333,-7.464819,-3.5253205,-2.4393945,-17.670454,-13.697259,-5.37296,0.88901436,0.8349008,-2.5971177,-1.6159075,1.5548956,0.15393746,0.21271373,0.3181979,0.12046646,0.18274084,0.09582579,0.22548889,0.19329087,0.17856412,0.40337867,0.22676677,0.52965146
SVR C 100 ArpBass 2bar-100BPM-C major-BANDLAB.wav,99.38401442307692,0.011940481582125604,0.20675069,433.581870218838,566.0007642663044,-258.4124,184.91455,34.300365,49.781174,10.462159,22.015314,9.360938,11.992322,7.0139112,6.470386,3.6433706,3.8410296,3.221981,0.670439,0.6846638,0.62007666,0.4543837,0.178277,0.095449634,0.11373798,0.16179945,0.12337657,0.15100683,0.2343974,0.41077465
SVR C 100 BassDiddly 1bar-100BPM-C major-BANDLAB.wav,103.359375,0.028606708233173076,0.081503905,826.3420373280338,1758.4759051983174,-308.17987,182.20763,-19.529182,57.23896,12.459764,-11.232713,1.9358938,6.1832457,-4.582566,-5.0077877,-6.046844,-8.409826,-8.4933405,0.45180812,0.60531294,0.39666817,0.21284191,0.09767557,0.09114202,0.14083683,0.23278776,0.5031503,0.38488877,0.30925304,0.5030047
SVR C 100 BassTwoNotes 1bar-100BPM-C major-BANDLAB.wav,151.99908088235293,0.02277550330528846,0.08394234,776.9754978488197,1666.7527418870193,-324.6725,173.37288,-14.217641,62.813965,40.380966,6.955138,0.7518914,0.14568193,4.9955654,5.257719,-1.5622741,-2.5980196,-10.217035,0.87903047,0.53937,0.19655153,0.08219509,0.08240107,0.08474792,0.22879049,0.55170965,0.3791018,0.2017064,0.24795502,0.516525
SVR C 100 Guitar 04-100BPM-C major-BANDLAB.wav,107.666015625,0.1041729266826923,0.1038435,1832.3144011465151,3369.325138972356,-130.81464,134.8023,-95.404015,54.577766,-25.109745,4.154069,-4.008102,4.6853046,1.8606321,-3.3965096,-13.334452,-5.942479,-10.267458,0.5491807,0.42295524,0.31209844,0.2686036,0.3964747,0.21317877,0.24371082,0.53414977,0.34678978,0.4315928,0.29970643,0.33048677
SVR C 100 OldDanceBass 2bar-100BPM-C major-BANDLAB.wav,129.19921875,0.008848033665458938,0.1457547,334.4943300499762,478.7236752717391,-387.52386,164.65623,52.687458,42.76857,34.680107,26.671404,21.466091,17.4307,14.30051,11.250881,9.256623,7.921277,6.723111,0.13365866,0.16137369,0.21592811,0.26988372,0.37034643,0.4537418,0.5493871,0.7203235,0.6205948,0.5063642,0.31861457,0.1942949
SVR C 100 PhatBass 2bar-100BPM-C major-BANDLAB.wav,198.76802884615384,0.010067557367149758,0.15698142,421.3988799755858,722.6626188858696,-348.91937,166.22273,31.550333,42.55871,32.034355,26.032204,20.882122,15.523159,12.350855,8.4098215,7.3190126,6.630974,6.0988073,0.68882465,0.66805285,0.66981816,0.5830412,0.41587612,0.33251184,0.33818984,0.42470804,0.46484572,0.52642095,0.5006199,0.5877562
SVR C 100 StringLangley 4bar-100BPM-C major-BANDLAB.wav,123.046875,0.10413364281400966,0.04593688,1913.220839200635,3460.6822138247285,-263.4101,87.48213,-61.850643,30.006319,-17.332108,-5.453385,-24.08718,-16.89978,-24.446291,-10.030207,-3.0392253,5.8161054,1.0957497,0.41405228,0.13262306,0.24047236,0.15190504,0.45019734,0.20554996,0.17972046,0.3911637,0.17862092,0.267538,0.15199585,0.42463347
SVR C# 100 Guitar 07-100BPM-C♯ major-BANDLAB.wav,129.19921875,0.08755258413461539,0.0787288,1900.6821426694032,3623.9966759314902,-138.00252,150.27473,-90.92285,65.895485,-35.304935,-1.7683871,-12.184164,-12.234699,-1.5730796,-13.606314,-4.699752,-0.31841424,-5.74325,0.3285357,0.6191539,0.33717334,0.47606292,0.30323592,0.43107587,0.18146116,0.32022297,0.8863172,0.3168503,0.15557878,0.23419008
SVR C# 100 Piano 06 Top Line-100BPM-C♯ major-BANDLAB.wav,198.76802884615384,0.04831153759057971,0.07065765,1473.1762954495127,2955.7962168817935,-341.11932,98.84494,-9.4054785,29.359917,-12.842646,8.487253,-9.891364,-5.8081985,-11.273775,-6.6755977,-4.90102,0.37911198,-0.8800152,0.21423773,0.11538137,0.0626857,0.16076054,0.070421934,0.15274388,0.13127841,0.09511237,0.24426813,0.10404218,0.23884813,0.084601484
SVR C# 100 Piano 06-100BPM-C♯ major-BANDLAB.wav,129.19921875,0.02642379981884058,0.095798016,625.349393870383,917.9958177649456,-328.48468,175.14407,22.799904,45.898174,4.2772107,0.31262398,-16.17637,-10.079859,-14.513755,-9.027019,-10.77433,-9.343647,-12.507025,0.39114112,0.47978258,0.27434745,0.30466497,0.2625089,0.4889122,0.55031884,0.31331012,0.5200304,0.3424346,0.39185354,0.24138767
SVR C# 100 StringThing 4bar-100BPM-C♯ major-BANDLAB.wav,123.046875,0.049051036005434784,0.076130226,1078.2934599510832,2003.3420728600543,-218.70016,170.47269,-34.245354,24.546305,-2.295242,-5.5792513,-14.848204,-11.554883,-14.11956,-15.662852,-15.087745,-4.022951,-12.246763,0.37668425,0.26134372,0.114923865,0.13533908,0.14406417,0.42334175,0.403966,0.2594679,0.58389467,0.20252903,0.3921334,0.16803256
SVR Cmin 100 80sVibez 2bar-100BPM-C minor-BANDLAB.wav,129.19921875,0.04975751056763285,0.22243677,944.1656516892639,1670.5396569293478,-152.22472,186.9185,-20.791855,18.492052,-4.4286666,4.2073817,-1.1209047,2.9235008,-7.2136655,-8.313308,-17.087599,-14.264314,-15.996476,0.50568646,0.17201418,0.22538386,0.5443539,0.16784094,0.14883195,0.22435802,0.67971295,0.15150492,0.053252257,0.15622374,0.19590199
SVR Cmin 100 EmotionPad 4bar-100BPM-C minor-BANDLAB.wav,112.34714673913044,0.0704846958031401,0.09122688,1650.7403281490315,3354.0304432744565,-247.6127,125.34686,-9.934464,19.677837,6.41103,5.861746,-0.33728337,-0.865172,-6.720037,-5.2507133,-9.291109,-6.1754823,-6.2598934,0.23819928,0.16582273,0.3958662,0.4107688,0.21142392,0.09365169,0.2703537,0.76146376,0.36451727,0.14595118,0.14225163,0.17198369
SVR D 100 BassBaDing 1bar-100BPM-D major-BANDLAB.wav,129.19921875,0.014122596153846154,0.11504575,437.1967301957327,523.0083759014423,-442.68097,116.23466,29.633913,56.737244,37.07473,16.947002,11.285089,10.524383,4.5914516,-9.096943,-9.595775,-8.736852,-15.843784,0.20829138,0.6450724,0.9516411,0.5210644,0.07315352,0.007151499,0.0062264497,0.013142923,0.013799404,0.016646165,0.026820373,0.058768746
SVR D 100 FMBass 2bar-100BPM-D major-BANDLAB.wav,99.38401442307692,0.04549271588164251,0.066024125,1168.5479485786423,2179.5346467391305,-313.20908,189.42912,-18.529196,21.987352,7.750304,14.173257,3.4043167,3.726713,-0.79657763,1.3774135,-1.9508886,-0.2869754,-1.6859399,0.35358518,0.574393,0.55783695,0.39478406,0.3931774,0.31552622,0.5321296,0.39650187,0.3356918,0.5024043,0.46768156,0.39329946
SVR D 100 Piano 04-100BPM-D major-BANDLAB.wav,63.02400914634146,0.029563424667874396,0.0726423,783.7355064459343,1364.8617951766305,-308.0714,164.44334,10.009436,40.47955,10.007156,15.905629,-10.826125,-7.198641,-13.890158,-8.599099,-8.840348,-5.3126173,-7.1280026,0.13390431,0.39544195,0.5085234,0.39443412,0.4114606,0.35241017,0.6458133,0.29942614,0.15764734,0.3702586,0.18618089,0.14264463
SVR D 100 Piano 05-100BPM-D major-BANDLAB.wav,99.38401442307692,0.029058631491545892,0.07417901,778.5277796530169,1360.5447520380435,-304.13596,167.1792,8.033564,39.643272,7.9087505,14.705426,-9.648154,-5.1364083,-13.152452,-9.081494,-10.7738695,-6.8988905,-7.3182025,0.11203068,0.3664255,0.5830133,0.41382852,0.25210068,0.31858248,0.8246143,0.39759484,0.18355094,0.48250166,0.23409687,0.124872744
SVR D 100 SaxLine 03-100BPM-D major-BANDLAB.wav,95.703125,0.08761831430288461,0.06687859,1844.4143313841623,3447.590050330529,-246.48209,91.63024,-52.299946,13.251857,-13.4627285,6.47027,-29.854055,-16.204357,-10.423983,-12.5499115,-21.49962,-11.952084,-13.509144,0.11664116,0.15814447,0.21971764,0.11892679,0.09870642,0.06781928,0.30897534,0.63594604,0.32949394,0.5023447,0.20124033,0.17987922
SVR Dmin 100 BassSlide 1bar-100BPM-D minor-BANDLAB.wav,117.45383522727273,0.07495586688701923,0.044657867,1826.585370384553,3588.7981708233174,-331.3676,137.70853,-45.25036,49.72603,19.022024,-2.6981506,-1.9538856,2.3381233,-8.934969,-2.6521604,-1.5638459,7.8139753,0.9078359,0.6048852,0.5739116,0.51746196,0.56557184,0.49931934,0.46722084,0.4340378,0.4154485,0.39773434,0.38237974,0.4169942,0.45161754
SVR Dmin 100 Lush80sPad 2bar-100BPM-D minor-BANDLAB.wav,151.99908088235293,0.09156099033816426,0.07085531,1179.4380361275942,1926.8575917119565,-277.0227,200.90738,-77.84785,-5.797774,9.581221,-11.328723,-17.224144,-6.3414254,-6.4937673,-15.852065,-8.78363,-8.046183,-11.780523,0.24213874,0.23889835,0.6962501,0.18965864,0.22628948,0.42203084,0.20567389,0.3296583,0.18463035,0.6368201,0.4981747,0.15756582
SVR E 100 BassLilFill 1bar-100BPM-E major-BANDLAB.wav,161.4990234375,0.07973538912259616,0.030331768,2297.9817993749725,4780.164043719952,-430.6559,100.35654,-19.531727,42.810246,10.921537,17.218655,9.444521,1.8936235,-1.556458,1.9008018,-3.2984712,3.4135022,-2.6771746,0.50884926,0.64090514,0.59830797,0.55137575,0.4986623,0.51985794,0.5570096,0.65999514,0.83054227,0.6390361,0.47900024,0.4576879
SVR E 100 Guitar 03-100BPM-E major-BANDLAB.wav,123.046875,0.10181603064903846,0.039222814,2085.3338972307724,3919.8711688701924,-277.52917,111.725426,-68.607185,35.426006,-24.534424,10.928394,-11.8021,6.797902,-0.4198298,-4.5686827,-2.1831732,1.9037484,4.7985373,0.5251456,0.40771693,0.36278075,0.39935791,0.5868698,0.73845035,0.4741356,0.26983765,0.26063493,0.32933667,0.35483408,0.4014347
SVR E 100 GuitarStab 1bar-100BPM-E major-BANDLAB.wav,172.265625,0.14143254206730768,0.045524888,2328.24158457223,4333.453603891226,-277.39868,96.659424,-49.42369,51.398026,-7.2425766,9.23937,-16.588766,10.066716,2.7221515,-3.3178127,-5.0650635,7.8677955,-7.230337,0.5014535,0.52187866,0.49796313,0.52538025,0.6263161,0.45166418,0.39496818,0.36914575,0.46572205,0.52010894,0.54181856,0.6552106
SVR E 100 SaxLongStab 1bar-100BPM-E major-BANDLAB.wav,129.19921875,0.0699462890625,0.08635395,1708.3513185519873,3038.5627159705527,-251.26588,67.637535,-65.68147,8.515075,-18.059557,-1.5425745,-51.190353,-8.284849,-7.17852,-11.575242,-6.0008087,5.0726366,-10.90026,0.17537467,0.031726956,0.029602222,0.15034312,0.39537624,0.06409921,0.016920624,0.043778464,0.084554516,0.0630547,0.37040132,0.9349641
SVR E 100 StringCreep 01 2bar-100BPM-E major-BANDLAB.wav,112.34714673913044,0.07516700634057971,0.03251385,1471.6786330024697,2739.6579908288045,-316.385,129.09079,-29.271069,38.97887,-5.5345864,9.908977,-1.2979131,2.8537595,-5.798861,-2.2683773,-3.9956288,0.70634615,0.6388058,0.086407706,0.19527403,0.26632082,0.33597425,0.65768033,0.3500127,0.36143586,0.3343992,0.16021948,0.13961491,0.1405544,0.23662274
SVR E 100 StringCreep 02 2bar-100BPM-E major-BANDLAB.wav,135.99917763157896,0.07141172252415459,0.033064913,1460.2476523729094,2731.387992527174,-316.44812,129.17537,-28.921537,39.591957,-4.9318395,9.423483,-1.4640061,2.3020859,-6.7513194,-2.8297234,-4.0594416,0.7924393,0.6975823,0.08321257,0.18243892,0.2537013,0.33123067,0.65544266,0.3504154,0.36382172,0.3444091,0.16722342,0.15517735,0.13360614,0.22757988
SVR E 100 SuitcaseSynth 2bar-100BPM-E major-BANDLAB.wav,123.046875,0.08248414855072464,0.12054582,970.3530002419775,1188.383152173913,-361.22858,159.33806,15.237694,-17.032722,1.2442778,-3.972104,-12.197126,-8.465559,-5.003663,-2.2687078,0.41249722,1.1957469,0.38322273,0.18854432,0.18603176,0.1689154,0.1596625,0.27768564,0.14038594,0.13548797,0.1516683,0.145755,0.13314001,0.20718515,0.24697539
SVR E DoomStab-BANDLAB.wav,143.5546875,0.056821179159967844,0.06705312,1403.103902758308,2799.9741729049438,-244.688,147.03854,-33.500824,28.9389,1.8638579,7.9836793,-4.4888973,4.7514844,-2.9033906,-2.0815258,-3.018953,-2.326248,-3.8196583,0.52323145,0.4132263,0.3951336,0.40395042,0.5940629,0.56323904,0.3767358,0.38299623,0.49188316,0.43335325,0.39315358,0.5518198
SVR E SaxStab-BANDLAB.wav,123.046875,0.07286345653044872,0.037473366,1555.5048527868678,2718.4978778545674,-403.70554,86.56691,-52.16055,2.0706422,-10.104009,9.867413,-22.113317,-10.18788,3.4188118,-18.18941,-10.698543,-5.9630337,-18.614405,0.10794743,0.06871497,0.057997648,0.22153339,0.97567874,0.31443575,0.05159188,0.08608809,0.15633424,0.060885314,0.10296582,0.33494726
SVR Emin 100 80sWaxBass 2bar-100BPM-E minor-BANDLAB.wav,99.38401442307692,0.05127424894323671,0.068064086,1610.5064770394274,3424.299422554348,-299.21225,135.17053,-9.84001,32.295284,8.5009575,19.17663,5.871014,9.334895,1.6649649,3.683548,1.1763262,2.0480382,-1.2370594,0.39800772,0.39075768,0.5379091,0.5492229,0.68672407,0.5818345,0.46582967,0.5143118,0.43411097,0.33232504,0.35105225,0.5010321
SVR Emin 100 Piano 02-100BPM-E minor-BANDLAB.wav,99.38401442307692,0.03670365338164251,0.06632187,858.8423519284264,1422.2316576086957,-306.77176,191.89119,3.546833,22.220896,-14.167544,-1.7078339,-4.121917,-2.9938476,-10.1016655,-7.34607,-9.440973,-8.821071,-9.012574,0.26901937,0.18775225,0.58590066,0.40441993,0.4547378,0.1712522,0.1934972,0.24534033,0.11413539,0.16444834,0.11618317,0.16862884
SVR Emin 100 Piano 03-100BPM-E minor-BANDLAB.wav,99.38401442307692,0.04432508680555555,0.077045985,851.9879181414163,1394.8210343070652,-260.06934,203.81935,-15.98775,21.964453,-20.830488,-0.9040743,-5.057884,-5.3582306,-14.587055,-8.488915,-12.629169,-8.329053,-9.297491,0.44898656,0.28270394,0.44902486,0.30131927,0.5751467,0.20925473,0.36884168,0.343336,0.16930424,0.32864016,0.17812644,0.22364871
SVR Emin 100 SaxLine 07-100BPM-E minor-BANDLAB.wav,99.38401442307692,0.0925906268870773,0.07733064,1688.311356776313,2882.9006029211955,-290.3345,67.32338,-61.60812,-1.6713401,-18.674747,4.850404,-26.44038,-8.565237,-6.488018,-14.22615,-13.318653,-11.259645,-20.589148,0.07404965,0.049960777,0.15047316,0.22500065,0.78341573,0.17404574,0.060963824,0.1510706,0.24656889,0.16945805,0.113622576,0.3238476
SVR Emin 100 SaxLine 10-100BPM-E minor-BANDLAB.wav,99.38401442307692,0.10243999094202899,0.04585154,2111.1703844064236,3858.3443019701085,-310.5866,73.07732,-53.28492,1.1322726,-9.944789,-2.3411353,-31.671846,-4.314291,-5.0171146,-15.701163,-19.204918,-7.462413,-14.092025,0.23094968,0.22948131,0.43016285,0.44792658,0.5761451,0.22390851,0.18363251,0.22417663,0.27095747,0.26658386,0.34582612,0.4746863
SVR Emin HornStab-BANDLAB.wav,151.99908088235293,0.0676993904532967,0.03822782,2005.7396569948626,3671.056189903846,-272.48862,125.39644,-28.459742,14.696945,-10.220585,9.539819,-9.225374,-0.3984064,-7.0414314,0.6058431,-6.0284657,-0.85584295,-6.031098,0.43965822,0.37572336,0.52230513,0.4506708,0.5859999,0.3972362,0.40297768,0.48388076,0.51814604,0.34893295,0.4702935,0.8725613
SVR F 100 BassProg 2bar-100BPM-F major-BANDLAB.wav,99.38401442307692,0.03184678819444445,0.070038505,1003.8061079712706,2231.027088994565,-288.07178,170.58714,-27.038654,66.29232,18.19421,4.3292685,-1.2076497,0.30729645,7.5606623,-4.045407,-4.339268,5.249667,-2.8437624,0.6721315,0.5795911,0.40607607,0.34312785,0.44448948,0.6365254,0.5213003,0.3676459,0.31372595,0.2970112,0.2957169,0.45202553
SVR F 100 BatteredBass 2bar-100BPM-F major-BANDLAB.wav,172.265625,0.022008038949275364,0.12494805,989.4463224032132,1995.2021059782608,-170.37828,171.17403,-12.175109,41.754906,1.8651296,20.70649,1.3337909,11.281453,0.037259705,7.3839803,-0.9628778,5.4431667,-0.68807006,0.34764156,0.42972645,0.5536708,0.44774815,0.3808105,0.31647727,0.31856647,0.36137858,0.4213226,0.63369966,0.44180304,0.338668
SVR F 100 Guitar 05-100BPM-F major-BANDLAB.wav,107.666015625,0.048142653245192304,0.040328003,967.2170367585275,1719.2399245042068,-321.93616,176.01259,-26.54533,34.352993,-5.344152,-6.335201,-24.705515,-9.032635,-14.190252,-14.575756,-11.978945,-2.14118,-10.511939,0.8544276,0.2821112,0.10079602,0.16343616,0.44229925,0.549193,0.288215,0.39267686,0.17044285,0.29580137,0.11246828,0.36120287
SVR F# 100 LoungeKeys 2bar-100BPM-F♯ major-BANDLAB.wav,198.76802884615384,0.039489451237922704,0.1028618,565.1790572582624,691.7151409646739,-383.72913,178.34479,26.923443,-7.4145474,-8.794287,-16.05051,-20.125237,-23.84153,-27.4035,-27.187033,-24.797516,-18.263536,-7.946342,0.13256668,0.19855694,0.12556915,0.27694717,0.06724638,0.065822765,0.2628626,0.15440199,0.42578563,0.16483457,0.47665852,0.48019096
SVR F# 100 LoungeKeys2 2bar-100BPM-F♯ major-BANDLAB.wav,198.76802884615384,0.05289477657004831,0.106490575,686.9745035956742,856.2829059103261,-356.90475,181.80956,0.19253732,-18.587719,-14.187681,-30.129213,-29.93409,-21.201063,-14.082968,-9.682452,-8.852684,-8.050613,-5.85876,0.10478659,0.2723296,0.09746976,0.25559434,0.083791085,0.29656762,0.29861966,0.13435972,0.3813559,0.13584334,0.36820838,0.28875908
SVR F# 100 PopsRecordCollection 4bar-100BPM-F♯ major-BANDLAB.wav,129.19921875,0.030444453879830916,0.11086336,497.64884576033893,747.4726137907609,-328.42798,231.7438,46.112507,13.187992,-5.999065,1.7865963,-0.494287,-5.795026,-6.835242,-8.223903,-9.905415,-8.487032,-5.832727,0.17670137,0.38163358,0.17486112,0.09670269,0.18866225,0.47039968,0.56039757,0.19824766,0.07477032,0.2583167,0.8470013,0.25239167
SVR F# 100 SaxLine 08-100BPM-F♯ major-BANDLAB.wav,99.38401442307692,0.09694151947463768,0.046444207,2005.6526665541958,3640.3076171875,-264.47064,92.86164,-58.710194,8.932137,-12.881069,-4.423542,-33.71133,-10.596086,-3.3296833,-17.119276,-19.202606,-3.4134524,-15.508349,0.22253393,0.17658243,0.2604119,0.22492425,0.3121668,0.22270967,0.22994079,0.3295187,0.24506776,0.2154296,0.41827747,0.6559412
SVR Fmin 100 Piano 07-100BPM-F minor-BANDLAB.wav,99.38401442307692,0.038034042874396136,0.13404244,961.4446405402606,1938.6644446331522,-208.05107,163.00497,-2.2612374,42.843307,0.95200324,5.6416245,-18.391043,-7.6124887,-14.72273,-5.0544863,-11.872918,-6.255394,-8.175494,0.5978997,0.56675196,0.4432873,0.5265147,0.38215756,0.51512766,0.32089704,0.53246456,0.59093666,0.28176466,0.30347407,0.27762762
SVR Fmin 100 Piano 08-100BPM-F minor-BANDLAB.wav,99.38401442307692,0.04158410703502415,0.12711422,1016.2575386764922,1976.1655061141305,-220.81133,152.6884,-0.8892016,39.267227,-9.567627,-0.15065973,-19.430227,-12.4969425,-21.17235,-11.264717,-16.302217,-4.4615,-8.683039,0.4885994,0.5963453,0.30232334,0.4663358,0.22817488,0.44426838,0.27453622,0.4628707,0.4605999,0.19448785,0.18908349,0.15865459
SVR Fmin 100 StringSad 4bar-100BPM-F minor-BANDLAB.wav,112.34714673913044,0.02407674743357488,0.08982097,686.166593769592,1159.2821204144022,-261.14047,196.15663,-4.0265474,20.663254,15.96153,6.224806,-5.3526454,7.3547583,5.9854507,-3.5610194,-15.124946,-0.1612495,-1.9113201,0.5459221,0.38153338,0.20385359,0.27227592,0.30524057,0.35741282,0.46815932,0.78626084,0.84734726,0.6613194,0.48135668,0.39062315
SVR Fmin 100 StringSadHi 4bar-100BPM-F minor-BANDLAB.wav,151.99908088235293,0.08655080012077294,0.03713858,1814.831954015602,3375.927734375,-298.8692,94.21135,-49.68623,27.970505,-16.71221,-3.876825,-18.592657,-16.771063,-20.80384,-8.915564,-4.8423305,10.952321,12.420729,0.41436914,0.48786053,0.16259743,0.2580351,0.15035811,0.38722986,0.10288266,0.14412554,0.17986892,0.13889252,0.11804635,0.108634174
SVR G 100 DeepPad 4bar-100BPM-G major-BANDLAB.wav,117.45383522727273,0.01598236526268116,0.06502863,434.7930964441372,585.1673955502717,-401.55646,180.13734,54.152443,58.91695,26.914604,19.2515,8.972419,6.558825,2.281409,1.2564156,-2.4542372,-3.076005,-5.376592,0.50530994,0.40276965,0.40570018,0.4013773,0.4874824,0.41487172,0.3783776,0.3353642,0.39619154,0.72815853,0.5627757,0.52363676
SVR G 100 Guitar 08-100BPM-G major-BANDLAB.wav,198.76802884615384,0.044565054086538464,0.060969617,1164.037936910121,2259.5369779146636,-237.1789,170.0524,-44.851223,40.616795,-10.210851,6.626269,-16.07555,0.31318086,-4.0084295,-4.0174203,-12.134246,-3.9059408,-8.512707,0.14466058,0.24619974,0.5167963,0.34501803,0.18648659,0.2061108,0.32050177,0.9061496,0.6075707,0.18865219,0.1287848,0.1321974
SVR G 100 Guitar 10-100BPM-G major-BANDLAB.wav,99.38401442307692,0.025620680588942308,0.038160168,881.438577545806,1604.534207857572,-361.893,154.75241,-15.212194,35.693478,8.449951,24.405424,-2.8899488,3.2577004,0.28353915,-3.4340477,-9.467131,-8.465053,-8.854416,0.114590645,0.23163055,0.4311977,0.40806007,0.17813729,0.13121173,0.306866,0.8366441,0.57810503,0.21879373,0.1322331,0.08014516
SVR G 100 Piano 01-100BPM-G major-BANDLAB.wav,99.38401442307692,0.06537779287439613,0.08045127,1490.0380562997673,2916.8388034986415,-260.98972,122.35248,-14.943109,32.083984,-12.750445,1.0153667,-17.583677,2.6154628,-6.107606,4.2695093,-6.6108923,0.30351013,-9.299426,0.265152,0.23867123,0.41713402,0.19567035,0.28443044,0.20062134,0.4801559,0.29280213,0.15429771,0.27417076,0.15844035,0.28183773
SVR G 100 SaxLine 02-100BPM-G major-BANDLAB.wav,66.25600961538461,0.07506385216346154,0.04822715,1998.8711120410035,3699.1558368389424,-353.38977,64.89059,-45.595486,7.630625,-3.0833235,12.886552,-19.74741,-6.473191,-5.074851,-14.000291,-17.845997,-10.948476,-13.175441,0.2502886,0.25685632,0.12644944,0.119709834,0.15741652,0.11600675,0.24044551,0.55499613,0.55047184,0.7759606,0.2927762,0.22242649
SVR G 100 TheProgression 4bar-100BPM-G major-BANDLAB.wav,117.45383522727273,0.06576700256642512,0.10937983,1221.8166224012618,2036.2660283627717,-231.63776,138.59079,-62.023624,-3.1303062,-21.378767,-15.162957,-28.999914,-21.808052,-25.164345,-9.187615,-16.53476,-9.548817,-3.5945268,0.28777766,0.084099725,0.17573003,0.11963252,0.37119633,0.12659524,0.30084646,0.17996387,0.110707745,0.38042015,0.19856136,0.6002413
SVR G BassDropStab-BANDLAB.wav,129.19921875,0.014963003305288462,0.09219705,924.3145709304022,1924.737079326923,-436.63657,97.42468,34.336483,21.249897,16.542759,17.894093,16.225792,12.753789,10.17642,9.39811,8.619646,7.420639,5.7385054,0.4905337,0.5088244,0.5092668,0.52318674,0.54343355,0.56983286,0.6444782,0.7024776,0.6530236,0.6013945,0.5002437,0.4636907
SVR G PulseSubStab-BANDLAB.wav,117.45383522727273,0.0302734375,0.1391952,500.94239818147463,822.6097693810096,-330.1307,217.13632,17.751865,10.896189,10.165074,6.2579126,3.2446172,8.152953,6.709843,0.12998936,-1.863179,-1.1530366,2.322314,0.29892665,1.0,0.23213579,0.053842608,0.121726274,0.5201808,0.27102903,0.09176017,0.115386814,0.13821371,0.12715273,0.1825683
SVR Gmin 100 DriveKeys 2bar-100BPM-G minor-BANDLAB.wav,99.38401442307692,0.028794440670289856,0.07266277,599.4273629413675,882.3412024456521,-357.40332,181.51204,2.3138437,15.464573,3.9159467,-1.3620751,-1.8850375,-6.6658964,-5.6079407,-6.237238,-5.4963026,-7.6635265,-10.091353,0.17415689,0.11911015,0.28446338,0.2199509,0.14905863,0.14636602,0.15173276,0.31617194,0.1237099,0.42429262,0.7832905,0.26387474
SVR Gmin 100 DriveKeys2 2bar-100BPM-G minor-BANDLAB.wav,99.38401442307692,0.044721373037439616,0.08049834,882.5466289824803,1455.2596382472825,-309.05,161.48456,-27.238049,17.07298,-6.5413976,-12.234813,-21.930256,-26.46589,-18.051003,-10.595625,-2.6853623,-3.1227422,0.67300576,0.17741446,0.11936204,0.4866683,0.19401407,0.059018955,0.13408507,0.10935179,0.3562608,0.1542748,0.24403684,0.41606322,0.13386838
SVR Gmin 100 HollowBass 2bar-100BPM-G minor-BANDLAB.wav,198.76802884615384,0.04512001811594203,0.12263427,1058.7062847850727,1958.3251953125,-230.20592,189.30952,-18.793005,15.580278,-9.792986,4.3912687,2.996861,9.565006,3.5122685,3.6522894,1.4387165,0.061479263,-2.4456027,0.38481048,0.47821698,0.5477366,0.4943733,0.5176936,0.5081173,0.51538205,0.3972107,0.5251314,0.5163534,0.52270395,0.4924157
SVR Gmin 100 StringFlow 4bar-100BPM-G minor-BANDLAB.wav,117.45383522727273,0.07911571557971014,0.07656754,1615.394426132815,3065.7247792119565,-223.84804,112.196655,-65.14121,33.395702,-26.160591,-12.360089,-28.222347,-26.083971,-31.452305,-14.586746,-11.635259,-4.8549795,-6.194566,0.019855535,0.09521164,0.54696465,0.31676728,0.15341297,0.5193727,0.19826944,0.23004375,0.11245306,0.21313572,0.55511856,0.18226887
SVR Gmin 100 StringLift 4bar-100BPM-G minor-BANDLAB.wav,112.34714673913044,0.060581078275966184,0.08606143,1414.618502931017,2722.415824558424,-177.80003,140.50711,-36.04456,27.464312,-12.49026,-3.6979039,-19.522614,-9.826053,-19.745659,-18.339033,-20.543398,-7.4694333,-8.021696,0.16751495,0.109099515,0.24384247,0.13626981,0.16543502,0.47222102,0.18492736,0.332127,0.17940772,0.50973666,0.6451059,0.1731835
SVR OddKeyStab-BANDLAB.wav,117.45383522727273,0.024578387920673076,0.020774337,1139.147593087557,2139.240910456731,-433.75323,128.743,6.3347526,44.08163,14.98648,22.885244,8.511085,11.903229,3.0895767,5.6350803,-2.353107,-0.2699487,-7.46075,0.46745652,0.2189224,0.19885562,0.34546313,0.64623684,0.5198114,0.25248355,0.22831842,0.24293545,0.32882687,0.6627809,0.8234489
SVR SaxStab2-BANDLAB.wav,135.99917763157896,0.10738431490384616,0.048618045,2100.361188139288,3650.7061298076924,-238.5756,87.12383,-71.08885,8.335991,-9.759126,0.40344316,-30.501574,-0.08770462,2.3018432,-14.881745,-21.031971,-3.3463695,-21.629269,0.10017167,0.15289833,0.15518092,0.4950454,0.7004807,0.15209621,0.047474284,0.19745368,0.33206126,0.1271934,0.5935112,0.48517638
SVR SaxStab3-BANDLAB.wav,184.5703125,0.1145770733173077,0.02722014,2010.0559110557917,3433.7176983173076,-311.93747,99.95466,-63.50778,11.785361,-4.5196657,0.4871814,-25.379,1.3297969,6.688907,-9.842482,-16.187778,-3.8594692,-16.895643,0.21176626,0.13456348,0.18718877,0.297996,0.7088576,0.25819564,0.06430637,0.11744617,0.31370544,0.14203013,0.4257798,0.811691
violet-horizon-dramatic-pad-with-bass_161bpm_F#_minor.wav,161.4990234375,0.03101488402845331,0.1339779,742.265672853075,1165.3798856623905,-203.05417,193.7127,15.92664,23.271807,-2.54777,16.533638,2.087834,3.1368613,-5.5021877,7.4291935,4.5852704,-0.84354913,1.4999028,0.2558827,0.6308271,0.461633,0.28381637,0.3314253,0.37159124,0.76937807,0.38161936,0.34614578,0.6639545,0.39295578,0.25937414
wet-acid-techno-synth_83bpm_E_minor.wav,172.265625,0.026623335040983607,0.43545973,1209.1145779746487,2643.2889344262294,-79.83043,151.10417,7.3157277,18.899136,9.594032,10.110372,2.4501824,3.2420144,-0.10722099,2.6698291,0.3552184,5.8712893,3.240108,0.15214619,0.13865694,0.27611113,0.3786939,0.7457379,0.5846817,0.33398697,0.27733344,0.24700852,0.21016732,0.17664534,0.2756188
